Manufacturer;Name;Id16;Id8;Internal;Algo;AlgoVar;BusWidth;SupportsSectorErase;SupportsChipErase;ZeroProgram;SupportsSoftLock;SoftLockAreaType(0:Sector,1:Chip);SoftUnlockAreaType;SupportsHardLock;HardLockAreaType;SupportsHardUnlock;HardUnlockAreaType;SoftLockResetState(0:Remember,1:ON,2:OFF);SupportsSecure;SupportsUnsecure;Sectors
AMD;Am29DL161DB;12239;10039;0;1;0;16;1;0;0;0;0;0;0;0;0;0;0;0;0;"2000[8]; 10000[31];"
AMD;Am29DL161DT;12236;10036;0;1;0;16;1;0;0;0;0;0;0;0;0;0;0;0;0;"10000[31]; 2000[8];"
AMD;Am29DL162DB;01222E;01002E;0;1;0;16;1;0;0;0;0;0;0;0;0;0;0;0;0;"2000[8]; 10000[3]; 10000[28];"
AMD;Am29DL162DT;01222D;01002D;0;1;0;16;1;0;0;0;0;0;0;0;0;0;0;0;0;"10000[28]; 10000[3]; 2000[8];"
AMD;Am29DL163DB;01222B;01002B;0;1;0;16;1;0;0;0;0;0;0;0;0;0;0;0;0;"2000[8]; 10000[7]; 10000[24];"
AMD;Am29DL163DT;12228;10028;0;1;0;16;1;0;0;0;0;0;0;0;0;0;0;0;0;"10000[24]; 10000[7]; 2000[8];"
AMD;Am29DL164DB;12235;10035;0;1;0;16;1;0;0;0;0;0;0;0;0;0;0;0;0;"2000[8]; 10000[15]; 10000[16];"
AMD;Am29DL164DT;12233;10033;0;1;0;16;1;0;0;0;0;0;0;0;0;0;0;0;0;"10000[16]; 10000[15]; 2000[8];"
AMD;Am29DL322DB/GB;12256;10056;0;1;0;16;1;0;0;0;0;0;0;0;0;0;0;0;0;"2000[8]; 10000[7]; 10000[56];"
AMD;Am29DL322DT/GT;12255;10055;0;1;0;16;1;0;0;0;0;0;0;0;0;0;0;0;0;"10000[56]; 10000[7]; 2000[8];"
AMD;Am29DL323DB/GB;12253;10053;0;1;0;16;1;0;0;0;0;0;0;0;0;0;0;0;0;"2000[8]; 10000[15]; 10000[48];"
AMD;Am29DL323DT/GT;12250;10050;0;1;0;16;1;0;0;0;0;0;0;0;0;0;0;0;0;"10000[48]; 10000[15]; 2000[8];"
AMD;Am29DL324DB/GB;01225F;01005F;0;1;0;16;1;0;0;0;0;0;0;0;0;0;0;0;0;"2000[8]; 10000[31]; 10000[32];"
AMD;Am29DL324DT/GT;01225C;01005C;0;1;0;16;1;0;0;0;0;0;0;0;0;0;0;0;0;"10000[32]; 10000[31]; 2000[8];"
AMD;Am29DL400BB;01220F;01000F;0;1;0;16;1;0;0;0;0;0;0;0;0;0;0;0;0;"4000; 8000; 2000[4]; 8000; 4000; 10000[6];"
AMD;Am29DL400BT;01220C;01000C;0;1;0;16;1;0;0;0;0;0;0;0;0;0;0;0;0;"10000[6]; 4000; 8000; 2000[4]; 8000; 4000;"
AMD;Am29DL800BB;0122CB;0100CB;0;1;0;16;1;0;0;0;0;0;0;0;0;0;0;0;0;"4000; 8000; 2000[4]; 8000; 4000; 10000[14];"
AMD;Am29DL800BT;01224A;01004A;0;1;0;16;1;0;0;0;0;0;0;0;0;0;0;0;0;"10000[14]; 4000; 8000; 2000[4]; 8000; 4000;"
AMD;Am29DS323DB;0122B8;0100B8;0;1;0;16;1;0;0;0;0;0;0;0;0;0;0;0;0;"2000[8]; 10000[15]; 10000[48];"
AMD;Am29DS323DT;0122B7;0100B7;0;1;0;16;1;0;0;0;0;0;0;0;0;0;0;0;0;"10000[48]; 10000[15]; 2000[8];"
AMD;Am29F100B;0122DF;0100DF;0;1;0;16;1;0;0;0;0;0;0;0;0;0;0;0;0;"4000; 2000[2]; 8000; 10000;"
AMD;Am29F100T;0122D9;0100D9;0;1;0;16;1;0;0;0;0;0;0;0;0;0;0;0;0;"10000; 8000; 2000[2]; 4000;"
AMD;Am29F400BB;0122AB;0100AB;0;1;0;16;1;0;0;0;0;0;0;0;0;0;0;0;0;"4000; 2000[2]; 8000; 10000[7];"
AMD;Am29F400BT;12223;10023;0;1;0;16;1;0;0;0;0;0;0;0;0;0;0;0;0;"10000[7]; 8000; 2000[2]; 4000;"
AMD;Am29F800BB;12258;10058;0;1;0;16;1;0;0;0;0;0;0;0;0;0;0;0;0;"4000; 2000[2]; 8000; 10000[15];"
AMD;Am29F800BT;0122D6;0100D6;0;1;0;16;1;0;0;0;0;0;0;0;0;0;0;0;0;"10000[15]; 8000; 2000[2]; 4000;"
AMD;Am29LV001BB;01006D;01006D;0;1;0;8;1;0;0;0;0;0;0;0;0;0;0;0;0;"2000; 1000[2]; 4000[7];"
AMD;Am29LV001BT;0100ED;0100ED;0;1;0;8;1;0;0;0;0;0;0;0;0;0;0;0;0;"4000[7]; 1000[2]; 2000;"
AMD;Am29LV002BB;0100C2;0100C2;0;1;0;8;1;0;0;0;0;0;0;0;0;0;0;0;0;"4000; 2000[2]; 8000; 10000[3];"
AMD;Am29LV002BT;10040;10040;0;1;0;8;1;0;0;0;0;0;0;0;0;0;0;0;0;"10000[3]; 8000; 2000[2]; 4000;"
AMD;Am29LV004BB;0100B6;0100B6;0;1;0;8;1;0;0;0;0;0;0;0;0;0;0;0;0;"4000; 2000[2]; 8000; 10000[7];"
AMD;Am29LV004BT;0100B5;0100B5;0;1;0;8;1;0;0;0;0;0;0;0;0;0;0;0;0;"10000[7]; 8000; 2000[2]; 4000;"
AMD;Am29LV033C;0100A3;0100A3;0;1;0;8;1;0;0;0;0;0;0;0;0;0;0;0;0;"10000[64];"
AMD;Am29LV033MU;01007E;01007E;0;1;0;8;1;0;0;0;0;0;0;0;0;0;0;0;0;"10000[64];"
AMD;Am29LV065D;010093;010093;0;1;0;8;1;0;0;0;0;0;0;0;0;0;0;0;0;"10000[128];"
AMD;Am29LV116DB;01004C;01004C;0;1;0;8;1;0;0;0;0;0;0;0;0;0;0;0;0;"4000; 2000[2]; 8000; 10000[31];"
AMD;Am29LV116DT;0100C7;0100C7;0;1;0;8;1;0;0;0;0;0;0;0;0;0;0;0;0;"10000[31]; 8000; 2000[2]; 4000;"
AMD;Am29LV160BB;12249;10049;0;1;0;16;1;0;0;0;0;0;0;0;0;0;0;0;0;"4000; 2000[2]; 8000; 10000[31];"
AMD;Am29LV160BT;0122C4;0100C4;0;1;0;16;1;0;0;0;0;0;0;0;0;0;0;0;0;"10000[31]; 8000; 2000[2]; 4000;"
AMD;Am29LV160DB;12249;10049;0;1;0;16;1;0;0;0;0;0;0;0;0;0;0;0;0;"4000; 2000[2]; 8000; 10000[31];"
AMD;Am29LV160DT;0122C4;0100C4;0;1;0;16;1;0;0;0;0;0;0;0;0;0;0;0;0;"10000[31]; 8000; 2000[2]; 4000;"
AMD;Am29LV200BB;0122BF;0100BF;0;1;0;16;1;0;0;0;0;0;0;0;0;0;0;0;0;"4000; 2000[2]; 8000; 10000[3];"
AMD;Am29LV200BT;01223B;01003B;0;1;0;16;1;0;0;0;0;0;0;0;0;0;0;0;0;"10000[3]; 8000; 2000[2]; 4000;"
AMD;Am29LV320DB;0122F9;0100F9;0;1;0;16;1;0;0;0;0;0;0;0;0;0;0;0;0;"2000[8]; 10000[63];"
AMD;Am29LV320DT;0122F6;0100F6;0;1;0;16;1;0;0;0;0;0;0;0;0;0;0;0;0;"10000[63]; 2000[8];"
AMD;Am29LV400BB;0122BA;0100BA;0;1;0;16;1;0;0;0;0;0;0;0;0;0;0;0;0;"4000; 2000[2]; 8000; 10000[7];"
AMD;Am29LV400BT;0122B9;0100B9;0;1;0;16;1;0;0;0;0;0;0;0;0;0;0;0;0;"10000[7]; 8000; 2000[2]; 4000;"
AMD;Am29LV640D;0122D7;0100D7;0;1;0;16;1;0;0;0;0;0;0;0;0;0;0;0;0;"10000[128];"
AMD;Am29LV641D;0122D7;0100D7;0;1;0;16;1;0;0;0;0;0;0;0;0;0;0;0;0;"10000[128];"
AMD;Am29LV800BB;01225B;01005B;0;1;0;16;1;0;0;0;0;0;0;0;0;0;0;0;0;"4000; 2000[2]; 8000; 10000[15];"
AMD;Am29LV800BT;0122DA;0100DA;0;1;0;16;1;0;0;0;0;0;0;0;0;0;0;0;0;"10000[15]; 8000; 2000[2]; 4000;"
AMD;Am29SL800DB;01226B;01006B;0;1;0;16;1;0;0;0;0;0;0;0;0;0;0;0;0;"4000; 2000[2]; 8000; 10000[15];"
AMD;Am29SL800DT;0122EA;0100EA;0;1;0;16;1;0;0;0;0;0;0;0;0;0;0;0;0;"10000[15]; 8000; 2000[2]; 4000;"
AMIC;A29L400B;37B3B5;3700B5;0;1;0;16;1;0;0;0;0;0;0;0;0;0;0;0;0;"4000; 2000[2]; 8000; 10000[7];"
AMIC;A29L400T;37B334;370034;0;1;0;16;1;0;0;0;0;0;0;0;0;0;0;0;0;"10000[7]; 8000; 2000[2]; 4000;"
Analog Devices;AD7160 internal;0;0;1;36;0;32;1;1;0;0;0;0;0;0;0;0;0;0;0;"200[64];"
Analog Devices;ADuC702xx32 internal;0;0;1;6;1;16;1;1;0;0;0;0;0;0;0;0;0;1;0;"200[64];"
Analog Devices;ADuC702xx62 internal;0;0;1;6;1;16;1;1;0;0;0;0;0;0;0;0;0;1;0;"200[124];"
Analog Devices;ADuC7028x62 internal;0;0;1;6;1;16;1;1;0;0;0;0;0;0;0;0;0;1;0;"200[124];"
Analog Devices;ADuC7030 internal;0;0;1;6;3;16;1;1;0;0;0;0;0;0;0;0;0;1;0;"200[60];"
Analog Devices;ADuC7031 internal;0;0;1;6;3;16;1;1;0;0;0;0;0;0;0;0;0;1;0;"200[60];"
Analog Devices;ADuC7032 internal;0;0;1;6;4;16;1;1;0;0;0;0;0;0;0;0;0;1;0;"200[188];"
Analog Devices;ADuC7033 internal;0;0;1;6;4;16;1;1;0;0;0;0;0;0;0;0;0;1;0;"200[188];"
Analog Devices;ADuC7034 internal;0;0;1;6;3;16;1;1;0;0;0;0;0;0;0;0;0;1;0;"200[60];"
Analog Devices;ADuC7036 internal;0;0;1;6;4;16;1;1;0;0;0;0;0;0;0;0;0;1;0;"200[188];"
Analog Devices;ADuC7038 internal;0;0;1;6;5;16;1;1;0;0;0;0;0;0;0;0;0;1;0;"200[124];"
Analog Devices;ADuC7039 internal;0;0;1;6;5;16;1;1;0;0;0;0;0;0;0;0;0;1;0;"200[124];"
Analog Devices;ADuC7060 internal;0;0;1;6;3;16;1;1;0;0;0;0;0;0;0;0;0;1;0;"200[60];"
Analog Devices;ADuC7061 internal;0;0;1;6;3;16;1;1;0;0;0;0;0;0;0;0;0;1;0;"200[60];"
Analog Devices;ADuC7062 internal;0;0;1;6;3;16;1;1;0;0;0;0;0;0;0;0;0;1;0;"200[60];"
Analog Devices;ADuC7128 internal;0;0;1;6;2;16;1;1;0;0;0;0;0;0;0;0;0;1;0;"200[252];"
Analog Devices;ADuC7129 internal;0;0;1;6;2;16;1;1;0;0;0;0;0;0;0;0;0;1;0;"200[252];"
Analog Devices;ADuC722xx126 internal;0;0;1;6;2;16;1;1;0;0;0;0;0;0;0;0;0;1;0;"200[252];"
Analog Devices;ADuCRF02 internal;0;0;1;36;0;32;1;1;0;0;0;0;0;0;0;0;0;0;0;"200[256];"
Analog Devices;ADuCRF101 internal;0;0;1;36;0;32;1;1;0;0;0;0;0;0;0;0;0;0;0;"200[256];"
Atmel;AT29BV010A;1F0035;1F0035;0;1;0;8;1;0;0;0;0;0;0;0;0;0;0;0;0;"80[1024];"
Atmel;AT29BV020;1F00BA;1F00BA;0;1;0;8;1;0;0;0;0;0;0;0;0;0;0;0;0;"100[1024];"
Atmel;AT29BV040;1F003B;1F003B;0;1;0;8;1;0;0;0;0;0;0;0;0;0;0;0;0;"200[1024];"
Atmel;AT29BV040A;1F00C4;1F00C4;0;1;0;8;1;0;0;0;0;0;0;0;0;0;0;0;0;"100[2048];"
Atmel;AT29C010A;1F00D5;1F00D5;0;1;0;8;1;0;0;0;0;0;0;0;0;0;0;0;0;"80[1024];"
Atmel;AT29C020;1F00DA;1F00DA;0;1;0;8;1;0;0;0;0;0;0;0;0;0;0;0;0;"100[1024];"
Atmel;AT29C040;1F005B;1F005B;0;1;0;8;1;0;0;0;0;0;0;0;0;0;0;0;0;"200[1024];"
Atmel;AT29C040A;1F00A4;1F00A4;0;1;0;8;1;0;0;0;0;0;0;0;0;0;0;0;0;"100[2048];"
Atmel;AT29C1024;1F0025;1F0025;0;1;0;16;1;0;0;0;0;0;0;0;0;0;0;0;0;"100[512];"
Atmel;AT29C256;1F00DC;1F00DC;0;1;0;8;1;0;0;0;0;0;0;0;0;0;0;0;0;"40[512];"
Atmel;AT29C257;1F00DC;1F00DC;0;1;0;8;1;0;0;0;0;0;0;0;0;0;0;0;0;"40[512];"
Atmel;AT29C512;1F005D;1F005D;0;1;0;8;1;0;0;0;0;0;0;0;0;0;0;0;0;"80[512];"
Atmel;AT29LV010A;1F0035;1F0035;0;1;0;8;1;0;0;0;0;0;0;0;0;0;0;0;0;"80[1024];"
Atmel;AT29LV020;1F00BA;1F00BA;0;1;0;8;1;0;0;0;0;0;0;0;0;0;0;0;0;"100[1024];"
Atmel;AT29LV040;1F003B;1F003B;0;1;0;8;1;0;0;0;0;0;0;0;0;0;0;0;0;"200[1024];"
Atmel;AT29LV040A;1F00C4;1F00C4;0;1;0;8;1;0;0;0;0;0;0;0;0;0;0;0;0;"100[2048];"
Atmel;AT29LV1024;1F0026;1F0026;0;1;0;16;1;0;0;0;0;0;0;0;0;0;0;0;0;"100[512];"
Atmel;AT29LV256;1F00BC;1F00BC;0;1;0;8;1;0;0;0;0;0;0;0;0;0;0;0;0;"40[512];"
Atmel;AT29LV512;1F003D;1F003D;0;1;0;8;1;0;0;0;0;0;0;0;0;0;0;0;0;"80[512];"
Atmel;AT49BN6416;1F00D6;1F00D6;0;1;0;16;1;0;0;1;0;0;0;0;0;0;1;0;0;"2000[8]; 10000[127];"
Atmel;AT49BN6416T;1F00D2;1F00D2;0;1;0;16;1;0;0;1;0;0;0;0;0;0;1;0;0;"10000[127]; 2000[8];"
Atmel;AT49BV001A;1F0005;1F0005;0;1;0;8;1;0;0;0;0;0;0;0;0;0;0;0;0;"4000; 2000[2]; 8000; 10000;"
Atmel;AT49BV001AN;1F0005;1F0005;0;1;0;8;1;0;0;0;0;0;0;0;0;0;0;0;0;"4000; 2000[2]; 8000; 10000;"
Atmel;AT49BV001ANT;1F0004;1F0004;0;1;0;8;1;0;0;0;0;0;0;0;0;0;0;0;0;"10000; 8000; 2000[2]; 4000;"
Atmel;AT49BV001AT;1F0004;1F0004;0;1;0;8;1;0;0;0;0;0;0;0;0;0;0;0;0;"10000; 8000; 2000[2]; 4000;"
Atmel;AT49BV002;1F0007;1F0007;0;1;0;8;1;0;0;0;0;0;0;0;0;0;0;0;0;"4000; 2000[2]; 18000; 20000;"
Atmel;AT49BV002A;1F0007;1F0007;0;1;0;8;1;0;0;0;0;0;0;0;0;0;0;0;0;"4000; 2000[2]; 8000; 10000[3];"
Atmel;AT49BV002AN;1F0007;1F0007;0;1;0;8;1;0;0;0;0;0;0;0;0;0;0;0;0;"4000; 2000[2]; 8000; 10000[3];"
Atmel;AT49BV002ANT;1F0008;1F0008;0;1;0;8;1;0;0;0;0;0;0;0;0;0;0;0;0;"10000[3]; 8000; 2000[2]; 4000;"
Atmel;AT49BV002AT;1F0008;1F0008;0;1;0;8;1;0;0;0;0;0;0;0;0;0;0;0;0;"10000[3]; 8000; 2000[2]; 4000;"
Atmel;AT49BV002N;1F0007;1F0007;0;1;0;8;1;0;0;0;0;0;0;0;0;0;0;0;0;"4000; 2000[2]; 18000; 20000;"
Atmel;AT49BV002NT;1F0008;1F0008;0;1;0;8;1;0;0;0;0;0;0;0;0;0;0;0;0;"20000; 18000; 2000[2]; 4000;"
Atmel;AT49BV002T;1F0008;1F0008;0;1;0;8;1;0;0;0;0;0;0;0;0;0;0;0;0;"20000; 18000; 2000[2]; 4000;"
Atmel;AT49BV040;1F0013;1F0013;0;1;0;8;0;1;0;0;0;0;0;0;0;0;0;0;0;"80000[1];"
Atmel;AT49BV040A;1F0013;1F0013;0;1;0;8;1;0;0;0;0;0;0;0;0;0;0;0;0;"4000; 2000[2]; 8000; 10000[7];"
Atmel;AT49BV1024A;1F0087;1F0087;0;1;0;16;0;1;0;0;0;0;0;0;0;0;0;0;0;"4000; 1C000;"
Atmel;AT49BV1604;1F00C0;1F00C0;0;1;0;16;1;0;1;0;0;0;0;0;0;0;0;0;0;"2000[8]; 8000[2]; 10000[30];"
Atmel;AT49BV1604A;1F00C0;1F00C0;0;1;0;16;1;0;1;0;0;0;0;0;0;0;0;0;0;"2000[8]; 10000[31];"
Atmel;AT49BV1604AT;1F00C2;1F00C2;0;1;0;16;1;0;1;0;0;0;0;0;0;0;0;0;0;"10000[31]; 2000[8];"
Atmel;AT49BV1604T;1F00C2;1F00C2;0;1;0;16;1;0;1;0;0;0;0;0;0;0;0;0;0;"10000[30]; 8000[2]; 2000[8];"
Atmel;AT49BV160C;1F88C3;1F00C3;0;2;0;16;1;0;0;1;0;0;0;0;0;0;1;0;0;"2000[8]; 10000[31];"
Atmel;AT49BV160CT;1F88C2;1F00C2;0;2;0;16;1;0;0;1;0;0;0;0;0;0;1;0;0;"10000[31]; 2000[8];"
Atmel;AT49BV160D;1F90C3;1F00C3;0;2;0;16;1;0;0;1;0;0;0;0;0;0;1;0;0;"2000[8]; 10000[31];"
Atmel;AT49BV160DT;1F90C2;1F00C2;0;2;0;16;1;0;0;1;0;0;0;0;0;0;1;0;0;"10000[31]; 2000[8];"
Atmel;AT49BV1614;1F00C0;1F00C0;0;1;0;16;1;0;1;0;0;0;0;0;0;0;0;0;0;"2000[8]; 8000[2]; 10000[30];"
Atmel;AT49BV1614A;1F00C0;1F00C0;0;1;0;16;1;0;1;0;0;0;0;0;0;0;0;0;0;"2000[8]; 10000[31];"
Atmel;AT49BV1614AT;1F00C2;1F00C2;0;1;0;16;1;0;1;0;0;0;0;0;0;0;0;0;0;"10000[31]; 2000[8];"
Atmel;AT49BV1614T;1F00C2;1F00C2;0;1;0;16;1;0;1;0;0;0;0;0;0;0;0;0;0;"10000[30]; 8000[2]; 2000[8];"
Atmel;AT49BV162A;1F00C0;1F00C0;0;1;0;16;1;0;0;0;0;0;0;0;0;0;0;0;0;"2000[8]; 10000[31];"
Atmel;AT49BV162AT;1F00C2;1F00C2;0;1;0;16;1;0;0;0;0;0;0;0;0;0;0;0;0;"10000[31]; 2000[8];"
Atmel;AT49BV163D;1F01C0;1F00C0;0;1;0;16;1;0;0;0;0;0;0;0;0;0;0;0;0;"2000[8]; 10000[31];"
Atmel;AT49BV163DT;1F01C2;1F00C2;0;1;0;16;1;0;0;0;0;0;0;0;0;0;0;0;0;"10000[31]; 2000[8];"
Atmel;AT49BV2048A;1F0082;1F0082;0;1;0;16;1;0;0;0;0;0;0;0;0;0;0;0;0;"4000; 2000[2]; 38000;"
Atmel;AT49BV320C;1F88C5;1F00C5;0;2;0;16;1;0;0;1;0;0;0;0;0;0;1;0;0;"2000[8]; 10000[63];"
Atmel;AT49BV320CT;1F88C4;1F00C4;0;2;0;16;1;0;0;1;0;0;0;0;0;0;1;0;0;"10000[63]; 2000[8];"
Atmel;AT49BV320D;1F90C5;1F00C5;0;2;0;16;1;0;0;1;0;0;0;0;0;0;1;0;0;"2000[8]; 10000[63];"
Atmel;AT49BV320DT;1F90C4;1F00C4;0;2;0;16;1;0;0;1;0;0;0;0;0;0;1;0;0;"10000[63]; 2000[8];"
Atmel;AT49BV322A;1F00C8;1F00C8;0;1;0;16;1;0;0;0;0;0;1;0;0;0;2;0;0;"2000[8]; 10000[63];"
Atmel;AT49BV322AT;1F00C9;1F00C9;0;1;0;16;1;0;0;0;0;0;1;0;0;0;2;0;0;"10000[63]; 2000[8];"
Atmel;AT49BV322D;1F01C8;1F00C8;0;1;0;16;1;0;0;0;0;0;0;0;0;0;0;0;0;"2000[8]; 10000[63];"
Atmel;AT49BV322DT;1F01C9;1F00C9;0;1;0;16;1;0;0;0;0;0;0;0;0;0;0;0;0;"10000[63]; 2000[8];"
Atmel;AT49BV4096A;161F1692;1F0092;0;1;0;16;1;0;0;0;0;0;0;0;0;0;0;0;0;"4000; 2000[2]; 78000;"
Atmel;AT49BV512;1F0003;1F0003;0;1;0;8;0;1;0;0;0;0;0;0;0;0;0;0;0;"10000[1];"
Atmel;AT49BV640;1F00D6;1F00D6;0;1;0;16;1;0;0;1;0;0;0;0;0;0;1;0;0;"2000[8]; 10000[127];"
Atmel;AT49BV640D;1F02DE;1F00DE;0;2;0;16;1;0;0;1;0;0;0;0;0;0;1;0;0;"2000[8]; 10000[127];"
Atmel;AT49BV640DT;1F02DB;1F00DB;0;2;0;16;1;0;0;1;0;0;0;0;0;0;1;0;0;"10000[127]; 2000[8];"
Atmel;AT49BV640T;1F00D2;1F00D2;0;1;0;16;1;0;0;1;0;0;0;0;0;0;1;0;0;"10000[127]; 2000[8];"
Atmel;AT49BV6416;1F00D6;1F00D6;0;1;0;16;1;0;0;1;0;0;0;0;0;0;1;0;0;"2000[8]; 10000[127];"
Atmel;AT49BV6416T;1F00D2;1F00D2;0;1;0;16;1;0;0;1;0;0;0;0;0;0;1;0;0;"10000[127]; 2000[8];"
Atmel;AT49BV642D;1F01D6;1F00D6;0;1;0;16;1;0;0;0;0;0;0;0;0;0;0;0;0;"2000[8]; 10000[127];"
Atmel;AT49BV642DT;1F01D2;1F00D2;0;1;0;16;1;0;0;0;0;0;0;0;0;0;0;0;0;"10000[127]; 2000[8];"
Atmel;AT49BV802A;1F00C1;1F00C1;0;1;0;16;1;0;0;0;0;0;0;0;0;0;0;0;0;"2000[8]; 10000[15];"
Atmel;AT49BV802AT;1F00C3;1F00C3;0;1;0;16;1;0;0;0;0;0;0;0;0;0;0;0;0;"10000[15]; 2000[8];"
Atmel;AT49F001A;1F0005;1F0005;0;1;0;8;1;0;0;0;0;0;0;0;0;0;0;0;0;"4000; 2000[2]; 8000; 10000;"
Atmel;AT49F001AN;1F0005;1F0005;0;1;0;8;1;0;0;0;0;0;0;0;0;0;0;0;0;"4000; 2000[2]; 8000; 10000;"
Atmel;AT49F001ANT;1F0004;1F0004;0;1;0;8;1;0;0;0;0;0;0;0;0;0;0;0;0;"10000; 8000; 2000[2]; 4000;"
Atmel;AT49F001AT;1F0004;1F0004;0;1;0;8;1;0;0;0;0;0;0;0;0;0;0;0;0;"10000; 8000; 2000[2]; 4000;"
Atmel;AT49F002A;1F0007;1F0007;0;1;0;8;1;0;0;0;0;0;0;0;0;0;0;0;0;"4000; 2000[2]; 8000; 10000[3];"
Atmel;AT49F002AN;1F0007;1F0007;0;1;0;8;1;0;0;0;0;0;0;0;0;0;0;0;0;"4000; 2000[2]; 8000; 10000[3];"
Atmel;AT49F002ANT;1F0008;1F0008;0;1;0;8;1;0;0;0;0;0;0;0;0;0;0;0;0;"10000[3]; 8000; 2000[2]; 4000;"
Atmel;AT49F002AT;1F0008;1F0008;0;1;0;8;1;0;0;0;0;0;0;0;0;0;0;0;0;"10000[3]; 8000; 2000[2]; 4000;"
Atmel;AT49F040A;1F0013;1F0013;0;1;0;8;1;0;0;0;0;0;0;0;0;0;0;0;0;"4000; 2000[2]; 8000; 10000[7];"
Atmel;AT49F1024;1F0087;1F0087;0;1;0;16;0;1;0;0;0;0;0;0;0;0;0;0;0;"4000; 1C000;"
Atmel;AT49F1024A;1F0087;1F0087;0;1;0;16;0;1;0;0;0;0;0;0;0;0;0;0;0;"4000; 1C000;"
Atmel;AT49F1025;1F0087;1F0087;0;1;0;16;0;1;0;0;0;0;0;0;0;0;0;0;0;"4000; 1C000;"
Atmel;AT49F2048A;1F0082;1F0082;0;1;0;16;1;0;0;0;0;0;0;0;0;0;0;0;0;"4000; 2000[2]; 38000;"
Atmel;AT49F4096A;161F1692;1F0092;0;1;0;16;1;0;0;0;0;0;0;0;0;0;0;0;0;"4000; 2000[2]; 78000;"
Atmel;AT49F512;1F0003;1F0003;0;1;0;8;0;1;0;0;0;0;0;0;0;0;0;0;0;"2000; E000;"
Atmel;AT49LV002;1F0007;1F0007;0;1;0;8;1;0;0;0;0;0;0;0;0;0;0;0;0;"4000; 2000[2]; 18000; 20000;"
Atmel;AT49LV002N;1F0007;1F0007;0;1;0;8;1;0;0;0;0;0;0;0;0;0;0;0;0;"4000; 2000[2]; 18000; 20000;"
Atmel;AT49LV002NT;1F0008;1F0008;0;1;0;8;1;0;0;0;0;0;0;0;0;0;0;0;0;"20000; 18000; 2000[2]; 4000;"
Atmel;AT49LV002T;1F0008;1F0008;0;1;0;8;1;0;0;0;0;0;0;0;0;0;0;0;0;"20000; 18000; 2000[2]; 4000;"
Atmel;AT49LV040;1F0013;1F0013;0;1;0;8;0;1;0;0;0;0;0;0;0;0;0;0;0;"80000[1];"
Atmel;AT49LV1024;1F0087;1F0087;0;1;0;16;0;1;0;0;0;0;0;0;0;0;0;0;0;"4000; 1C000;"
Atmel;AT49LV1024A;1F0087;1F0087;0;1;0;16;0;1;0;0;0;0;0;0;0;0;0;0;0;"4000; 1C000;"
Atmel;AT49LV1614A;1F00C0;1F00C0;0;1;0;16;1;0;0;0;0;0;0;0;0;0;0;0;0;"2000[8]; 10000[31];"
Atmel;AT49LV1614AT;1F00C2;1F00C2;0;1;0;16;1;0;0;0;0;0;0;0;0;0;0;0;0;"10000[31]; 2000[8];"
Atmel;AT49LV2048A;1F0082;1F0082;0;1;0;16;1;0;0;0;0;0;0;0;0;0;0;0;0;"4000; 2000[2]; 38000;"
Atmel;AT49LV4096A;161F1692;1F0092;0;1;0;16;1;0;0;0;0;0;0;0;0;0;0;0;0;"4000; 2000[2]; 78000;"
Atmel;AT49SN3208;1F00DB;1F00DB;0;1;0;16;1;0;0;1;0;0;1;0;0;0;2;0;0;"2000[8]; 10000[63];"
Atmel;AT49SN3208T;1F00D1;1F00D1;0;1;0;16;1;0;0;1;0;0;1;0;0;0;2;0;0;"10000[63]; 2000[8];"
Atmel;AT49SN6416;1F00DC;1F00DC;0;1;0;16;1;0;0;1;0;0;1;0;0;0;2;0;0;"2000[8]; 10000[127];"
Atmel;AT49SN6416T;1F00D8;1F00D8;0;1;0;16;1;0;0;1;0;0;1;0;0;0;2;0;0;"10000[127]; 2000[8];"
Atmel;AT49SV322A;1F00DB;1F00DB;0;1;0;16;1;0;0;0;0;0;1;0;0;0;2;0;0;"2000[8]; 10000[63];"
Atmel;AT49SV322AT;1F00D1;1F00D1;0;1;0;16;1;0;0;0;0;0;1;0;0;0;2;0;0;"10000[63]; 2000[8];"
Atmel;AT49SV802A;1F00C4;1F00C4;0;1;0;16;1;0;0;0;0;0;0;0;0;0;0;0;0;"2000[8]; 10000[15];"
Atmel;AT49SV802AT;1F00C6;1F00C4;0;1;0;16;1;0;0;0;0;0;0;0;0;0;0;0;0;"10000[15]; 2000[8];"
Atmel;AT91SAM3A2 internal;0;0;1;26;2;32;1;1;0;0;0;0;0;0;0;0;0;1;0;"100[512];"
Atmel;AT91SAM3A4 internal;0;0;1;26;2;32;1;1;0;0;0;0;0;0;0;0;0;1;0;"100[1024];"
Atmel;AT91SAM3A8 internal;0;0;1;26;2;32;1;1;0;0;0;0;0;0;0;0;0;1;0;"100[2048];"
Atmel;AT91SAM3N1 internal;0;0;1;26;1;32;1;1;0;0;0;0;0;0;0;0;0;1;0;"100[256];"
Atmel;AT91SAM3N2 internal;0;0;1;26;1;32;1;1;0;0;0;0;0;0;0;0;0;1;0;"100[512];"
Atmel;AT91SAM3N4 internal;0;0;1;26;1;32;1;1;0;0;0;0;0;0;0;0;0;1;0;"100[1024];"
Atmel;AT91SAM3S1 internal;0;0;1;26;1;32;1;1;0;0;0;0;0;0;0;0;0;1;0;"100[256];"
Atmel;AT91SAM3S2 internal;0;0;1;26;1;32;1;1;0;0;0;0;0;0;0;0;0;1;0;"100[512];"
Atmel;AT91SAM3S4 internal;0;0;1;26;1;32;1;1;0;0;0;0;0;0;0;0;0;1;0;"100[1024];"
Atmel;AT91SAM3U1 internal;0;0;1;26;0;32;1;1;0;0;0;0;0;0;0;0;0;1;0;"100[256];"
Atmel;AT91SAM3U2 internal;0;0;1;26;0;32;1;1;0;0;0;0;0;0;0;0;0;1;0;"100[512];"
Atmel;AT91SAM3U4 internal;0;0;1;26;0;32;1;1;0;0;0;0;0;0;0;0;0;1;0;"100[512];100[512],80000;"
Atmel;AT91SAM3X2 internal;0;0;1;26;2;32;1;1;0;0;0;0;0;0;0;0;0;1;0;"100[512];"
Atmel;AT91SAM3X4 internal;0;0;1;26;2;32;1;1;0;0;0;0;0;0;0;0;0;1;0;"100[1024];"
Atmel;AT91SAM3X8 internal;0;0;1;26;2;32;1;1;0;0;0;0;0;0;0;0;0;1;0;"100[2048];"
Atmel;AT91SAM7A3 internal;0;0;1;8;1;32;1;0;0;0;0;0;0;0;0;0;0;0;0;"100[1024];"
Atmel;AT91SAM7L64 internal;0;0;1;22;0;32;1;1;0;0;0;0;0;0;0;0;0;1;0;"100[256];"
Atmel;AT91SAM7L128 internal;0;0;1;22;0;32;1;1;0;0;0;0;0;0;0;0;0;1;0;"100[512];"
Atmel;AT91SAM7S128 internal;0;0;1;8;0;32;1;0;0;0;0;0;0;0;0;0;0;1;0;"100[512];"
Atmel;AT91SAM7S16 internal;0;0;1;33;0;32;1;0;0;0;0;0;0;0;0;0;0;1;0;"40[256];"
Atmel;AT91SAM7S161 internal;0;0;1;33;0;32;1;0;0;0;0;0;0;0;0;0;0;1;0;"40[256];"
Atmel;AT91SAM7S256 internal;0;0;1;8;0;32;1;0;0;0;0;0;0;0;0;0;0;1;0;"100[1024];"
Atmel;AT91SAM7S32 internal;0;0;1;5;0;32;1;0;0;0;0;0;0;0;0;0;0;1;0;"80[256];"
Atmel;AT91SAM7S321 internal;0;0;1;5;0;32;1;0;0;0;0;0;0;0;0;0;0;1;0;"80[256];"
Atmel;AT91SAM7S512 internal;0;0;1;8;0;32;1;0;0;0;0;0;0;0;0;0;0;1;0;"100[2048];"
Atmel;AT91SAM7S64 internal;0;0;1;5;0;32;1;0;0;0;0;0;0;0;0;0;0;1;0;"80[512];"
Atmel;AT91SAM7SE256 internal;0;0;1;8;0;32;1;0;0;0;0;0;0;0;0;0;0;1;0;"100[1024];"
Atmel;AT91SAM7SE32 internal;0;0;1;5;0;32;1;0;0;0;0;0;0;0;0;0;0;1;0;"80[256];"
Atmel;AT91SAM7SE512 internal;0;0;1;8;0;32;1;0;0;0;0;0;0;0;0;0;0;1;0;"100[2048];"
Atmel;AT91SAM7X128 internal;0;0;1;8;0;32;1;0;0;0;0;0;0;0;0;0;0;1;0;"100[512];"
Atmel;AT91SAM7X256 internal;0;0;1;8;0;32;1;0;0;0;0;0;0;0;0;0;0;1;0;"100[1024];"
Atmel;AT91SAM7X512 internal;0;0;1;8;0;32;1;0;0;0;0;0;0;0;0;0;0;1;0;"100[2048];"
Atmel;AT91SAM7XC128 internal;0;0;1;8;0;32;1;0;0;0;0;0;0;0;0;0;0;1;0;"100[512];"
Atmel;AT91SAM7XC256 internal;0;0;1;8;0;32;1;0;0;0;0;0;0;0;0;0;0;1;0;"100[1024];"
Atmel;AT91SAM7XC512 internal;0;0;1;8;0;32;1;0;0;0;0;0;0;0;0;0;0;1;0;"100[2048];"
Atmel;AT91SAM9XE128 internal;0;0;1;23;0;32;1;1;0;0;0;0;0;0;0;0;0;1;0;"200[256];"
Atmel;AT91SAM9XE256 internal;0;0;1;23;0;32;1;1;0;0;0;0;0;0;0;0;0;1;0;"200[512];"
Atmel;AT91SAM9XE512 internal;0;0;1;23;0;32;1;1;0;0;0;0;0;0;0;0;0;1;0;"200[1024];"
Cutera;LH28F640BFHE-PBTL (x2);B000B1;B000B1;0;10;0;16;1;0;0;1;0;0;0;0;0;0;1;0;0;"2000[8]; 10000[127]; 2000[8],10000000; 10000[127];"
Cutera;LH28F128BFHED;B000B0;B000B0;0;10;0;16;1;0;0;1;0;0;0;0;0;0;1;0;0;"10000[127]; 2000[8]; 2000[8],4000000; 10000[127];"
DSPGroup;DA56KLF internal;0;0;1;20;0;32;1;1;0;0;0;0;0;0;0;0;0;0;0;"2000[64];"
Ember;EM351 internal;0;0;1;29;0;32;1;1;0;0;0;0;0;0;0;0;0;0;0;"800[60];"
Ember;EM357 internal;0;0;1;29;0;32;1;1;0;0;0;0;0;0;0;0;0;0;0;"800[92];"
Energy Micro;EFM32GxxxF16 internal;0;0;1;28;0;32;1;0;0;0;0;0;0;0;0;0;0;1;1;"200[32]; 200[1], FE00000;"
Energy Micro;EFM32GxxxF32 internal;0;0;1;28;0;32;1;0;0;0;0;0;0;0;0;0;0;1;1;"200[64]; 200[1], FE00000;"
Energy Micro;EFM32GxxxF64 internal;0;0;1;28;0;32;1;0;0;0;0;0;0;0;0;0;0;1;1;"200[128]; 200[1], FE00000;"
Energy Micro;EFM32GxxxF128 internal;0;0;1;28;0;32;1;0;0;0;0;0;0;0;0;0;0;1;1;"200[256]; 200[1], FE00000;"
Energy Micro;EFM32TGxxxF4 internal;0;0;1;28;0;32;1;0;0;0;0;0;0;0;0;0;0;1;1;"200[8]; 200[1], FE00000;"
Energy Micro;EFM32TGxxxF8 internal;0;0;1;28;0;32;1;0;0;0;0;0;0;0;0;0;0;1;1;"200[16]; 200[1], FE00000;"
Energy Micro;EFM32TGxxxF16 internal;0;0;1;28;0;32;1;0;0;0;0;0;0;0;0;0;0;1;1;"200[32]; 200[1], FE00000;"
Energy Micro;EFM32TGxxxF32 internal;0;0;1;28;0;32;1;0;0;0;0;0;0;0;0;0;0;1;1;"200[64]; 200[1], FE00000;"
Eon;EN29PL032;1C227E;1C007E;0;16;0;16;1;0;0;0;0;0;0;0;0;0;0;0;0;"2000[8]; 10000[62]; 2000[8];"
Eon;EN29PL064;1C227E;1C007E;0;16;0;16;1;0;0;0;0;0;0;0;0;0;0;0;0;"2000[8]; 10000[126]; 2000[8];"
Eon;EN29LV800BB;1C22DA;1C00DA;0;1;0;16;1;0;0;0;0;0;0;0;0;0;0;0;0;"4000; 2000[2]; 8000; 10000[15];"
Eon;EN29LV800BT;1C22DA;1C00DA;0;1;0;16;1;0;0;0;0;0;0;0;0;0;0;0;0;"10000[15]; 8000; 2000[2]; 4000;"
Eon;EN29LV160BB;1C2249;1C0049;0;1;0;16;1;0;0;1;0;0;1;0;0;0;0;0;0;"4000[1]; 2000[2]; 8000[1]; 10000[31];"
Eon;EN29LV160BT;1C22C4;1C00C4;0;1;0;16;1;0;0;1;0;0;1;0;0;0;0;0;0;"10000[31]; 8000[1]; 2000[2]; 4000[1];"
Eon;EN71PL032;1C227E;1C007E;0;16;0;16;1;0;0;0;0;0;0;0;0;0;0;0;0;"2000[8]; 10000[62]; 2000[8];"
Freescale;MAC71x1 internal;0;0;1;12;0;32;1;0;0;0;0;0;0;0;0;0;0;0;1;"1000[128];"
Freescale;MAC71x2 internal;0;0;1;12;0;32;1;0;0;0;0;0;0;0;0;0;0;0;1;"1000[64];"
Freescale;MAC71x6 internal;0;0;1;12;0;32;1;0;0;0;0;0;0;0;0;0;0;0;1;"1000[256];"
Freescale;MK10DN32xxx5 internal;0;0;1;35;0;32;1;0;0;0;0;0;0;0;0;0;0;0;0;"400[32];"
Freescale;MK10DN32xxx5 internal (allow security);0;0;1;35;1;32;1;0;0;0;0;0;0;0;0;0;0;0;0;"400[32];"
Freescale;MK10DN64xxx5 internal;0;0;1;35;0;32;1;0;0;0;0;0;0;0;0;0;0;0;0;"400[64];"
Freescale;MK10DN64xxx5 internal (allow security);0;0;1;35;1;32;1;0;0;0;0;0;0;0;0;0;0;0;0;"400[64];"
Freescale;MK10DN128xxx5 internal;0;0;1;35;0;32;1;0;0;0;0;0;0;0;0;0;0;0;0;"400[128];"
Freescale;MK10DN128xxx5 internal (allow security);0;0;1;35;1;32;1;0;0;0;0;0;0;0;0;0;0;0;0;"400[128];"
Freescale;MK10DN512xxx10 internal;0;0;1;35;0;32;1;0;0;0;0;0;0;0;0;0;0;0;0;"800[256];"
Freescale;MK10DN512xxx10 internal (allow security);0;0;1;35;1;32;1;0;0;0;0;0;0;0;0;0;0;0;0;"800[256];"
Freescale;MK10DX32xxx5 internal;0;0;1;35;0;32;1;0;0;0;0;0;0;0;0;0;0;0;0;"400[32];"
Freescale;MK10DX32xxx5 internal (allow security);0;0;1;35;1;32;1;0;0;0;0;0;0;0;0;0;0;0;0;"400[32];"
Freescale;MK10DX64xxx5 internal;0;0;1;35;0;32;1;0;0;0;0;0;0;0;0;0;0;0;0;"400[64];"
Freescale;MK10DX64xxx5 internal (allow security);0;0;1;35;1;32;1;0;0;0;0;0;0;0;0;0;0;0;0;"400[64];"
Freescale;MK10DX64xxx7 internal;0;0;1;35;0;32;1;0;0;0;0;0;0;0;0;0;0;0;0;"800[32];"
Freescale;MK10DX64xxx7 internal (allow security);0;0;1;35;1;32;1;0;0;0;0;0;0;0;0;0;0;0;0;"800[32];"
Freescale;MK10DX128xxx5 internal;0;0;1;35;0;32;1;0;0;0;0;0;0;0;0;0;0;0;0;"400[128];"
Freescale;MK10DX128xxx5 internal (allow security);0;0;1;35;1;32;1;0;0;0;0;0;0;0;0;0;0;0;0;"400[128];"
Freescale;MK10DX128xxx7 internal;0;0;1;35;0;32;1;0;0;0;0;0;0;0;0;0;0;0;0;"800[64];"
Freescale;MK10DX128xxx7 internal (allow security);0;0;1;35;1;32;1;0;0;0;0;0;0;0;0;0;0;0;0;"800[64];"
Freescale;MK10DX128xxx10 internal;0;0;1;35;0;32;1;0;0;0;0;0;0;0;0;0;0;0;0;"800[64];"
Freescale;MK10DX128xxx10 internal (allow security);0;0;1;35;1;32;1;0;0;0;0;0;0;0;0;0;0;0;0;"800[64];"
Freescale;MK10DX256xxx7 internal;0;0;1;35;0;32;1;0;0;0;0;0;0;0;0;0;0;0;0;"800[128];"
Freescale;MK10DX256xxx7 internal (allow security);0;0;1;35;1;32;1;0;0;0;0;0;0;0;0;0;0;0;0;"800[128];"
Freescale;MK10DX256xxx10 internal;0;0;1;35;0;32;1;0;0;0;0;0;0;0;0;0;0;0;0;"800[128];"
Freescale;MK10DX256xxx10 internal (allow security);0;0;1;35;1;32;1;0;0;0;0;0;0;0;0;0;0;0;0;"800[128];"
Freescale;MK10FN1M0xxx12 internal;0;0;1;35;0;32;1;0;0;0;0;0;0;0;0;0;0;0;0;"1000[256];"
Freescale;MK10FN1M0xxx12 internal (allow security);0;0;1;35;1;32;1;0;0;0;0;0;0;0;0;0;0;0;0;"1000[256];"
Freescale;MK10FX512xxx12 internal;0;0;1;35;0;32;1;0;0;0;0;0;0;0;0;0;0;0;0;"1000[128];"
Freescale;MK10FX512xxx12 internal (allow security);0;0;1;35;1;32;1;0;0;0;0;0;0;0;0;0;0;0;0;"1000[128];"
Freescale;MK20DN32xxx5 internal;0;0;1;35;0;32;1;0;0;0;0;0;0;0;0;0;0;0;0;"400[32];"
Freescale;MK20DN32xxx5 internal (allow security);0;0;1;35;1;32;1;0;0;0;0;0;0;0;0;0;0;0;0;"400[32];"
Freescale;MK20DN64xxx5 internal;0;0;1;35;0;32;1;0;0;0;0;0;0;0;0;0;0;0;0;"400[64];"
Freescale;MK20DN64xxx5 internal (allow security);0;0;1;35;1;32;1;0;0;0;0;0;0;0;0;0;0;0;0;"400[64];"
Freescale;MK20DN128xxx5 internal;0;0;1;35;0;32;1;0;0;0;0;0;0;0;0;0;0;0;0;"400[128];"
Freescale;MK20DN128xxx5 internal (allow security);0;0;1;35;1;32;1;0;0;0;0;0;0;0;0;0;0;0;0;"400[128];"
Freescale;MK20DN512xxx10 internal;0;0;1;35;0;32;1;0;0;0;0;0;0;0;0;0;0;0;0;"800[256];"
Freescale;MK20DN512xxx10 internal (allow security);0;0;1;35;1;32;1;0;0;0;0;0;0;0;0;0;0;0;0;"800[256];"
Freescale;MK20DX32xxx5 internal;0;0;1;35;0;32;1;0;0;0;0;0;0;0;0;0;0;0;0;"400[32];"
Freescale;MK20DX32xxx5 internal (allow security);0;0;1;35;1;32;1;0;0;0;0;0;0;0;0;0;0;0;0;"400[32];"
Freescale;MK20DX64xxx5 internal;0;0;1;35;0;32;1;0;0;0;0;0;0;0;0;0;0;0;0;"400[64];"
Freescale;MK20DX64xxx5 internal (allow security);0;0;1;35;1;32;1;0;0;0;0;0;0;0;0;0;0;0;0;"400[64];"
Freescale;MK20DX64xxx7 internal;0;0;1;35;0;32;1;0;0;0;0;0;0;0;0;0;0;0;0;"800[32];"
Freescale;MK20DX64xxx7 internal (allow security);0;0;1;35;1;32;1;0;0;0;0;0;0;0;0;0;0;0;0;"800[32];"
Freescale;MK20DX128xxx5 internal;0;0;1;35;0;32;1;0;0;0;0;0;0;0;0;0;0;0;0;"400[128];"
Freescale;MK20DX128xxx5 internal (allow security);0;0;1;35;1;32;1;0;0;0;0;0;0;0;0;0;0;0;0;"400[128];"
Freescale;MK20DX128xxx7 internal;0;0;1;35;0;32;1;0;0;0;0;0;0;0;0;0;0;0;0;"800[64];"
Freescale;MK20DX128xxx7 internal (allow security);0;0;1;35;1;32;1;0;0;0;0;0;0;0;0;0;0;0;0;"800[64];"
Freescale;MK20DX128xxx10 internal;0;0;1;35;0;32;1;0;0;0;0;0;0;0;0;0;0;0;0;"800[64];"
Freescale;MK20DX128xxx10 internal (allow security);0;0;1;35;1;32;1;0;0;0;0;0;0;0;0;0;0;0;0;"800[64];"
Freescale;MK20DX256xxx7 internal;0;0;1;35;0;32;1;0;0;0;0;0;0;0;0;0;0;0;0;"800[128];"
Freescale;MK20DX256xxx7 internal (allow security);0;0;1;35;1;32;1;0;0;0;0;0;0;0;0;0;0;0;0;"800[128];"
Freescale;MK20DX256xxx10 internal;0;0;1;35;0;32;1;0;0;0;0;0;0;0;0;0;0;0;0;"800[128];"
Freescale;MK20DX256xxx10 internal (allow security);0;0;1;35;1;32;1;0;0;0;0;0;0;0;0;0;0;0;0;"800[128];"
Freescale;MK20FN1M0xxx12 internal;0;0;1;35;0;32;1;0;0;0;0;0;0;0;0;0;0;0;0;"1000[256];"
Freescale;MK20FN1M0xxx12 internal (allow security);0;0;1;35;1;32;1;0;0;0;0;0;0;0;0;0;0;0;0;"1000[256];"
Freescale;MK20FX512xxx12 internal;0;0;1;35;0;32;1;0;0;0;0;0;0;0;0;0;0;0;0;"1000[128];"
Freescale;MK20FX512xxx12 internal (allow security);0;0;1;35;1;32;1;0;0;0;0;0;0;0;0;0;0;0;0;"1000[128];"
Freescale;MK30DN512xxx10 internal;0;0;1;35;0;32;1;0;0;0;0;0;0;0;0;0;0;0;0;"800[256];"
Freescale;MK30DN512xxx10 internal (allow security);0;0;1;35;1;32;1;0;0;0;0;0;0;0;0;0;0;0;0;"800[256];"
Freescale;MK30DX64xxx7 internal;0;0;1;35;0;32;1;0;0;0;0;0;0;0;0;0;0;0;0;"800[32];"
Freescale;MK30DX64xxx7 internal (allow security);0;0;1;35;1;32;1;0;0;0;0;0;0;0;0;0;0;0;0;"800[32];"
Freescale;MK30DX128xxx7 internal;0;0;1;35;0;32;1;0;0;0;0;0;0;0;0;0;0;0;0;"800[64];"
Freescale;MK30DX128xxx7 internal (allow security);0;0;1;35;1;32;1;0;0;0;0;0;0;0;0;0;0;0;0;"800[64];"
Freescale;MK30DX128xxx10 internal;0;0;1;35;0;32;1;0;0;0;0;0;0;0;0;0;0;0;0;"800[64];"
Freescale;MK30DX128xxx10 internal (allow security);0;0;1;35;1;32;1;0;0;0;0;0;0;0;0;0;0;0;0;"800[64];"
Freescale;MK30DX256xxx7 internal;0;0;1;35;0;32;1;0;0;0;0;0;0;0;0;0;0;0;0;"800[128];"
Freescale;MK30DX256xxx7 internal (allow security);0;0;1;35;1;32;1;0;0;0;0;0;0;0;0;0;0;0;0;"800[128];"
Freescale;MK30DX256xxx10 internal;0;0;1;35;0;32;1;0;0;0;0;0;0;0;0;0;0;0;0;"800[128];"
Freescale;MK30DX256xxx10 internal (allow security);0;0;1;35;1;32;1;0;0;0;0;0;0;0;0;0;0;0;0;"800[128];"
Freescale;MK40DN512xxx10 internal;0;0;1;35;0;32;1;0;0;0;0;0;0;0;0;0;0;0;0;"800[256];"
Freescale;MK40DN512xxx10 internal (allow security);0;0;1;35;1;32;1;0;0;0;0;0;0;0;0;0;0;0;0;"800[256];"
Freescale;MK40DX64xxx7 internal;0;0;1;35;0;32;1;0;0;0;0;0;0;0;0;0;0;0;0;"800[32];"
Freescale;MK40DX64xxx7 internal (allow security);0;0;1;35;1;32;1;0;0;0;0;0;0;0;0;0;0;0;0;"800[32];"
Freescale;MK40DX128xxx7 internal;0;0;1;35;0;32;1;0;0;0;0;0;0;0;0;0;0;0;0;"800[64];"
Freescale;MK40DX128xxx7 internal (allow security);0;0;1;35;1;32;1;0;0;0;0;0;0;0;0;0;0;0;0;"800[64];"
Freescale;MK40DX128xxx10 internal;0;0;1;35;0;32;1;0;0;0;0;0;0;0;0;0;0;0;0;"800[64];"
Freescale;MK40DX128xxx10 internal (allow security);0;0;1;35;1;32;1;0;0;0;0;0;0;0;0;0;0;0;0;"800[64];"
Freescale;MK40DX256xxx7 internal;0;0;1;35;0;32;1;0;0;0;0;0;0;0;0;0;0;0;0;"800[128];"
Freescale;MK40DX256xxx7 internal (allow security);0;0;1;35;1;32;1;0;0;0;0;0;0;0;0;0;0;0;0;"800[128];"
Freescale;MK40DX256xxx10 internal;0;0;1;35;0;32;1;0;0;0;0;0;0;0;0;0;0;0;0;"800[128];"
Freescale;MK40DX256xxx10 internal (allow security);0;0;1;35;1;32;1;0;0;0;0;0;0;0;0;0;0;0;0;"800[128];"
Freescale;MK50DN512xxx10 internal;0;0;1;35;0;32;1;0;0;0;0;0;0;0;0;0;0;0;0;"800[256];"
Freescale;MK50DN512xxx10 internal (allow security);0;0;1;35;1;32;1;0;0;0;0;0;0;0;0;0;0;0;0;"800[256];"
Freescale;MK50DX128xxx7 internal;0;0;1;35;0;32;1;0;0;0;0;0;0;0;0;0;0;0;0;"800[64];"
Freescale;MK50DX128xxx7 internal (allow security);0;0;1;35;1;32;1;0;0;0;0;0;0;0;0;0;0;0;0;"800[64];"
Freescale;MK50DX256xxx7 internal;0;0;1;35;0;32;1;0;0;0;0;0;0;0;0;0;0;0;0;"800[128];"
Freescale;MK50DX256xxx7 internal (allow security);0;0;1;35;1;32;1;0;0;0;0;0;0;0;0;0;0;0;0;"800[128];"
Freescale;MK50DX256xxx10 internal;0;0;1;35;0;32;1;0;0;0;0;0;0;0;0;0;0;0;0;"800[128];"
Freescale;MK50DX256xxx10 internal (allow security);0;0;1;35;1;32;1;0;0;0;0;0;0;0;0;0;0;0;0;"800[128];"
Freescale;MK51DN256xxx10 internal;0;0;1;35;0;32;1;0;0;0;0;0;0;0;0;0;0;0;0;"800[128];"
Freescale;MK51DN256xxx10 internal (allow security);0;0;1;35;1;32;1;0;0;0;0;0;0;0;0;0;0;0;0;"800[128];"
Freescale;MK51DN512xxx10 internal;0;0;1;35;0;32;1;0;0;0;0;0;0;0;0;0;0;0;0;"800[256];"
Freescale;MK51DN512xxx10 internal (allow security);0;0;1;35;1;32;1;0;0;0;0;0;0;0;0;0;0;0;0;"800[256];"
Freescale;MK51DX128xxx7 internal;0;0;1;35;0;32;1;0;0;0;0;0;0;0;0;0;0;0;0;"800[64];"
Freescale;MK51DX128xxx7 internal (allow security);0;0;1;35;1;32;1;0;0;0;0;0;0;0;0;0;0;0;0;"800[64];"
Freescale;MK51DX256xxx7 internal;0;0;1;35;0;32;1;0;0;0;0;0;0;0;0;0;0;0;0;"800[128];"
Freescale;MK51DX256xxx7 internal (allow security);0;0;1;35;1;32;1;0;0;0;0;0;0;0;0;0;0;0;0;"800[128];"
Freescale;MK51DX256xxx10 internal;0;0;1;35;0;32;1;0;0;0;0;0;0;0;0;0;0;0;0;"800[128];"
Freescale;MK51DX256xxx10 internal (allow security);0;0;1;35;1;32;1;0;0;0;0;0;0;0;0;0;0;0;0;"800[128];"
Freescale;MK52DN512xxx10 internal;0;0;1;35;0;32;1;0;0;0;0;0;0;0;0;0;0;0;0;"800[256];"
Freescale;MK52DN512xxx10 internal (allow security);0;0;1;35;1;32;1;0;0;0;0;0;0;0;0;0;0;0;0;"800[256];"
Freescale;MK53DN512xxx10 internal;0;0;1;35;0;32;1;0;0;0;0;0;0;0;0;0;0;0;0;"800[256];"
Freescale;MK53DN512xxx10 internal (allow security);0;0;1;35;1;32;1;0;0;0;0;0;0;0;0;0;0;0;0;"800[256];"
Freescale;MK53DX256xxx10 internal;0;0;1;35;0;32;1;0;0;0;0;0;0;0;0;0;0;0;0;"800[128];"
Freescale;MK53DX256xxx10 internal (allow security);0;0;1;35;1;32;1;0;0;0;0;0;0;0;0;0;0;0;0;"800[128];"
Freescale;MK60DN256xxx10 internal;0;0;1;35;0;32;1;0;0;0;0;0;0;0;0;0;0;0;0;"800[128];"
Freescale;MK60DN256xxx10 internal (allow security);0;0;1;35;1;32;1;0;0;0;0;0;0;0;0;0;0;0;0;"800[128];"
Freescale;MK60DN512xxx10 internal;0;0;1;35;0;32;1;0;0;0;0;0;0;0;0;0;0;0;0;"800[256];"
Freescale;MK60DN512xxx10 internal (allow security);0;0;1;35;1;32;1;0;0;0;0;0;0;0;0;0;0;0;0;"800[256];"
Freescale;MK60DX256xxx10 internal;0;0;1;35;0;32;1;0;0;0;0;0;0;0;0;0;0;0;0;"800[128];"
Freescale;MK60DX256xxx10 internal (allow security);0;0;1;35;1;32;1;0;0;0;0;0;0;0;0;0;0;0;0;"800[128];"
Freescale;MK60FN1M0xxx12 internal;0;0;1;35;0;32;1;0;0;0;0;0;0;0;0;0;0;0;0;"1000[256];"
Freescale;MK60FN1M0xxx12 internal (allow security);0;0;1;35;1;32;1;0;0;0;0;0;0;0;0;0;0;0;0;"1000[256];"
Freescale;MK60FN1M0xxx15 internal;0;0;1;35;0;32;1;0;0;0;0;0;0;0;0;0;0;0;0;"1000[256];"
Freescale;MK60FN1M0xxx15 internal (allow security);0;0;1;35;1;32;1;0;0;0;0;0;0;0;0;0;0;0;0;"1000[256];"
Freescale;MK60FX512xxx12 internal;0;0;1;35;0;32;1;0;0;0;0;0;0;0;0;0;0;0;0;"1000[128];"
Freescale;MK60FX512xxx12 internal (allow security);0;0;1;35;1;32;1;0;0;0;0;0;0;0;0;0;0;0;0;"1000[128];"
Freescale;MK60FX512xxx15 internal;0;0;1;35;0;32;1;0;0;0;0;0;0;0;0;0;0;0;0;"1000[128];"
Freescale;MK60FX512xxx15 internal (allow security);0;0;1;35;1;32;1;0;0;0;0;0;0;0;0;0;0;0;0;"1000[128];"
Freescale;MK61FN1M0xxx12 internal;0;0;1;35;0;32;1;0;0;0;0;0;0;0;0;0;0;0;0;"1000[256];"
Freescale;MK61FN1M0xxx12 internal (allow security);0;0;1;35;1;32;1;0;0;0;0;0;0;0;0;0;0;0;0;"1000[256];"
Freescale;MK61FN1M0xxx15 internal;0;0;1;35;0;32;1;0;0;0;0;0;0;0;0;0;0;0;0;"1000[256];"
Freescale;MK61FN1M0xxx15 internal (allow security);0;0;1;35;1;32;1;0;0;0;0;0;0;0;0;0;0;0;0;"1000[256];"
Freescale;MK61FX512xxx12 internal;0;0;1;35;0;32;1;0;0;0;0;0;0;0;0;0;0;0;0;"1000[128];"
Freescale;MK61FX512xxx12 internal (allow security);0;0;1;35;1;32;1;0;0;0;0;0;0;0;0;0;0;0;0;"1000[128];"
Freescale;MK61FX512xxx15 internal;0;0;1;35;0;32;1;0;0;0;0;0;0;0;0;0;0;0;0;"1000[128];"
Freescale;MK61FX512xxx15 internal (allow security);0;0;1;35;1;32;1;0;0;0;0;0;0;0;0;0;0;0;0;"1000[128];"
Freescale;MK70FN1M0xxx12 internal;0;0;1;35;0;32;1;0;0;0;0;0;0;0;0;0;0;0;0;"1000[256];"
Freescale;MK70FN1M0xxx12 internal (allow security);0;0;1;35;1;32;1;0;0;0;0;0;0;0;0;0;0;0;0;"1000[256];"
Freescale;MK70FN1M0xxx15 internal;0;0;1;35;0;32;1;0;0;0;0;0;0;0;0;0;0;0;0;"1000[256];"
Freescale;MK70FN1M0xxx15 internal (allow security);0;0;1;35;1;32;1;0;0;0;0;0;0;0;0;0;0;0;0;"1000[256];"
Freescale;MK70FX512xxx12 internal;0;0;1;35;0;32;1;0;0;0;0;0;0;0;0;0;0;0;0;"1000[128];"
Freescale;MK70FX512xxx12 internal (allow security);0;0;1;35;1;32;1;0;0;0;0;0;0;0;0;0;0;0;0;"1000[128];"
Freescale;MK70FX512xxx15 internal;0;0;1;35;0;32;1;0;0;0;0;0;0;0;0;0;0;0;0;"1000[128];"
Freescale;MK70FX512xxx15 internal (allow security);0;0;1;35;1;32;1;0;0;0;0;0;0;0;0;0;0;0;0;"1000[128];"
Fujitsu;MB9xFx02 internal;0;0;1;40;0;32;1;0;0;0;0;0;0;0;0;0;0;0;0;"4000[2];18000[1];"
Fujitsu;MB9xFx04 internal;0;0;1;40;0;32;1;0;0;0;0;0;0;0;0;0;0;0;0;"4000[2];18000[1];20000[1];"
Fujitsu;MB9xFx05 internal;0;0;1;40;0;32;1;0;0;0;0;0;0;0;0;0;0;0;0;"4000[2];18000[1];20000[2];"
Fujitsu;MB9xFx06 internal;0;0;1;40;0;32;1;0;0;0;0;0;0;0;0;0;0;0;0;"4000[2];18000[1];20000[3];"
Fujitsu;MB9xFx11 internal;0;0;1;40;0;32;1;0;0;0;0;0;0;0;0;0;0;0;0;"4000[2];8000[1];"
Fujitsu;MB9xFx12 internal;0;0;1;40;0;32;1;0;0;0;0;0;0;0;0;0;0;0;0;"4000[2];18000[1];"
Fujitsu;MB9xFx14 internal;0;0;1;40;0;32;1;0;0;0;0;0;0;0;0;0;0;0;0;"4000[2];18000[1];20000[1];"
Fujitsu;MB9xFx15 internal;0;0;1;40;0;32;1;0;0;0;0;0;0;0;0;0;0;0;0;"4000[2];18000[1];20000[2];"
Fujitsu;MB9xFx16 internal;0;0;1;40;0;32;1;0;0;0;0;0;0;0;0;0;0;0;0;"4000[2];18000[1];20000[3];"
Fujitsu;MBM29DL322BE/BD;42256;40056;0;1;0;16;1;0;0;0;0;0;0;0;0;0;0;0;0;"2000[8]; 10000[63];"
Fujitsu;MBM29DL322TE/TD;42255;40055;0;1;0;16;1;0;0;0;0;0;0;0;0;0;0;0;0;"10000[63]; 2000[8];"
Fujitsu;MBM29LV650U;0422D7;0400D7;0;1;0;16;1;0;0;0;0;0;0;0;0;0;0;0;0;"10000[128];"
Fujitsu;MBM29LV160B;042249;040049;0;1;0;16;1;0;0;0;0;0;0;0;0;0;0;0;0;"4000; 2000[2]; 8000; 10000[31];"
Fujitsu;MBM29LV160T;0422C4;0400C4;0;1;0;16;1;0;0;0;0;0;0;0;0;0;0;0;0;"10000[31]; 8000; 2000[2]; 4000;"
GD;GD32F1x0x4 internal;0;0;1;17;2;32;1;0;0;0;0;0;0;0;0;0;0;1;1;"400[16];"
GD;GD32F1x0x6 internal;0;0;1;17;2;32;1;0;0;0;0;0;0;0;0;0;0;1;1;"400[32];"
GD;GD32F1x0x8 internal;0;0;1;17;2;32;1;0;0;0;0;0;0;0;0;0;0;1;1;"400[64];"
GD;GD32F10xx4 internal;0;0;1;17;2;32;1;0;0;0;0;0;0;0;0;0;0;1;1;"400[16];"
GD;GD32F10xx6 internal;0;0;1;17;2;32;1;0;0;0;0;0;0;0;0;0;0;1;1;"400[32];"
GD;GD32F10xx8 internal;0;0;1;17;2;32;1;0;0;0;0;0;0;0;0;0;0;1;1;"400[64];"
GD;GD32F10xxB internal;0;0;1;17;2;32;1;0;0;0;0;0;0;0;0;0;0;1;1;"400[128];"
GD;GD32F10xxC internal;0;0;1;17;2;32;1;0;0;0;0;0;0;0;0;0;0;1;1;"800[128];"
GD;GD32F10xxD internal;0;0;1;17;2;32;1;0;0;0;0;0;0;0;0;0;0;1;1;"800[256];1000[64];"
GD;GD32F10xxE internal;0;0;1;17;2;32;1;0;0;0;0;0;0;0;0;0;0;1;1;"800[256];1000[64];"
GD;GD32F10xxF internal;0;0;1;17;2;32;1;0;0;0;0;0;0;0;0;0;0;1;1;"800[256];1000[64];"
GD;GD32F10xxG internal;0;0;1;17;2;32;1;0;0;0;0;0;0;0;0;0;0;1;1;"800[256];1000[128];"
GD;GD32F10xxI internal;0;0;1;17;2;32;1;0;0;0;0;0;0;0;0;0;0;1;1;"800[256];1000[384];"
GD;GD32F10xxK internal;0;0;1;17;2;32;1;0;0;0;0;0;0;0;0;0;0;1;1;"800[256];1000[640];"
Intel;28F004B3B;8900D5;8900D5;0;2;0;8;1;0;0;0;0;0;0;0;0;0;0;0;0;"2000[8]; 10000[7];"
Intel;28F004B3T;8900D4;8900D4;0;2;0;8;1;0;0;0;0;0;0;0;0;0;0;0;0;"10000[7]; 2000[8];"
Intel;28F008B3B;8900D3;8900D3;0;2;0;8;1;0;0;0;0;0;0;0;0;0;0;0;0;"2000[8]; 10000[15];"
Intel;28F008B3T;8900D2;8900D2;0;2;0;8;1;0;0;0;0;0;0;0;0;0;0;0;0;"10000[15]; 2000[8];"
Intel;28F016B3B;8900D1;8900D1;0;2;0;8;1;0;0;0;0;0;0;0;0;0;0;0;0;"2000[8]; 10000[31];"
Intel;28F016B3T;8900D0;8900D0;0;2;0;8;1;0;0;0;0;0;0;0;0;0;0;0;0;"10000[31]; 2000[8];"
Intel;28F128J3;890018;890018;0;10;0;16;1;0;0;1;0;1;0;0;0;0;2;0;0;"20000[128];"
Intel;28F128K18;898806;890006;0;10;0;16;1;0;0;1;0;0;0;0;0;0;1;0;0;"20000[128];"
Intel;28F128K3;898802;890002;0;10;0;16;1;0;0;1;0;0;0;0;0;0;1;0;0;"20000[128];"
Intel;28F128P30B;89881B;89001B;0;10;0;16;1;0;0;1;0;0;0;0;0;0;1;0;0;"8000[4]; 20000[127];"
Intel;28F128P30T;898818;890018;0;10;0;16;1;0;0;1;0;0;0;0;0;0;1;0;0;"20000[127]; 8000[4];"
Intel;28F128P33B;898821;890021;0;10;0;16;1;0;0;1;0;0;0;0;0;0;1;0;0;"8000[4]; 20000[127];"
Intel;28F128P33T;89881E;89001E;0;10;0;16;1;0;0;1;0;0;0;0;0;0;1;0;0;"20000[127]; 8000[4];"
Intel;28F128W18B;898867;890067;0;2;0;16;1;0;0;1;0;0;0;0;0;0;1;0;0;"2000[8]; 10000[255];"
Intel;28F128W18T;898866;890066;0;2;0;16;1;0;0;1;0;0;0;0;0;0;1;0;0;"10000[255]; 2000[8];"
Intel;28F160B3B;898891;890091;0;2;0;16;1;0;0;0;0;0;0;0;0;0;0;0;0;"2000[8]; 10000[31];"
Intel;28F160B3T;898890;890090;0;2;0;16;1;0;0;0;0;0;0;0;0;0;0;0;0;"10000[31]; 2000[8];"
Intel;28F160C3B;8988C3;8900C3;0;2;0;16;1;0;0;1;0;0;0;0;0;0;1;0;0;"2000[8]; 10000[31];"
Intel;28F160C3T;8988C2;8900C2;0;2;0;16;1;0;0;1;0;0;0;0;0;0;1;0;0;"10000[31]; 2000[8];"
Intel;28F256J3;89001D;89001D;0;10;0;16;1;0;0;1;0;1;0;0;0;0;1;0;0;"20000[256];"
Intel;28F256K18;898807;890007;0;10;0;16;1;0;0;1;0;0;0;0;0;0;1;0;0;"20000[256];"
Intel;28F256K3;898803;890003;0;10;0;16;1;0;0;1;0;0;0;0;0;0;1;0;0;"20000[256];"
Intel;28F256P30B;89891C;89001C;0;10;0;16;1;0;0;1;0;0;0;0;0;0;1;0;0;"8000[4]; 20000[255];"
Intel;28F256P30T;898919;890019;0;10;0;16;1;0;0;1;0;0;0;0;0;0;1;0;0;"20000[255]; 8000[4];"
Intel;28F256P33B;898922;890022;0;10;0;16;1;0;0;1;0;0;0;0;0;0;1;0;0;"8000[4]; 20000[255];"
Intel;28F256P33T;89891F;89001F;0;10;0;16;1;0;0;1;0;0;0;0;0;0;1;0;0;"20000[255]; 8000[4];"
Intel;28F320B3B;898897;890097;0;2;0;16;1;0;0;0;0;0;0;0;0;0;0;0;0;"2000[8]; 10000[63];"
Intel;28F320B3T;898896;890096;0;2;0;16;1;0;0;0;0;0;0;0;0;0;0;0;0;"10000[63]; 2000[8];"
Intel;28F320C3B;8988C5;8900C5;0;2;0;16;1;0;0;1;0;0;0;0;0;0;1;0;0;"2000[8]; 10000[63];"
Intel;28F320C3T;8988C4;8900C4;0;2;0;16;1;0;0;1;0;0;0;0;0;0;1;0;0;"10000[63]; 2000[8];"
Intel;28F320J3;890016;890016;0;10;0;16;1;0;0;1;0;1;0;0;0;0;1;0;0;"20000[32];"
Intel;28F320W18B;898863;890063;0;2;0;16;1;0;0;1;0;0;0;0;0;0;1;0;0;"2000[8]; 10000[63];"
Intel;28F320W18T;898862;890062;0;2;0;16;1;0;0;1;0;0;0;0;0;0;1;0;0;"10000[63]; 2000[8];"
Intel;28F400B3B;898895;890095;0;2;0;16;1;0;0;0;0;0;0;0;0;0;0;0;0;"2000[8]; 10000[7];"
Intel;28F400B3T;898894;890094;0;2;0;16;1;0;0;0;0;0;0;0;0;0;0;0;0;"10000[7]; 2000[8];"
Intel;28F640B3B;898899;890099;0;2;0;16;1;0;0;0;0;0;0;0;0;0;0;0;0;"2000[8]; 10000[127];"
Intel;28F640B3T;898898;890098;0;2;0;16;1;0;0;0;0;0;0;0;0;0;0;0;0;"10000[127]; 2000[8];"
Intel;28F640C3B;8988CD;8900CD;0;2;0;16;1;0;0;1;0;0;0;0;0;0;1;0;0;"2000[8]; 10000[127];"
Intel;28F640C3T;8988CC;8900CC;0;2;0;16;1;0;0;1;0;0;0;0;0;0;1;0;0;"10000[127]; 2000[8];"
Intel;28F640J3;890017;890017;0;10;0;16;1;0;0;1;0;1;0;0;0;0;1;0;0;"20000[64];"
Intel;28F640K18;898805;890005;0;10;0;16;1;0;0;1;0;0;0;0;0;0;1;0;0;"20000[64];"
Intel;28F640K3;898801;890001;0;10;0;16;1;0;0;1;0;0;0;0;0;0;1;0;0;"20000[64];"
Intel;28F640P30B;89881A;89001A;0;10;0;16;1;0;0;1;0;0;0;0;0;0;1;0;0;"8000[4]; 20000[63];"
Intel;28F640P30T;898817;890017;0;10;0;16;1;0;0;1;0;0;0;0;0;0;1;0;0;"20000[63]; 8000[4];"
Intel;28F640P33B;898820;890020;0;10;0;16;1;0;0;1;0;0;0;0;0;0;1;0;0;"8000[4]; 20000[63];"
Intel;28F640P33T;89881D;89001D;0;10;0;16;1;0;0;1;0;0;0;0;0;0;1;0;0;"20000[63]; 8000[4];"
Intel;28F640W18B;898865;890065;0;2;0;16;1;0;0;1;0;0;0;0;0;0;1;0;0;"2000[8]; 10000[127];"
Intel;28F640W18T;898864;890064;0;2;0;16;1;0;0;1;0;0;0;0;0;0;1;0;0;"10000[127]; 2000[8];"
Intel;28F800B3B;898893;890093;0;2;0;16;1;0;0;0;0;0;0;0;0;0;0;0;0;"2000[8]; 10000[15];"
Intel;28F800B3T;898892;890092;0;2;0;16;1;0;0;0;0;0;0;0;0;0;0;0;0;"10000[15]; 2000[8];"
Intel;28F800C3B;8988C1;8900C1;0;2;0;16;1;0;0;1;0;0;0;0;0;0;1;0;0;"2000[8]; 10000[15];"
Intel;28F800C3T;8988C0;8900C0;0;2;0;16;1;0;0;1;0;0;0;0;0;0;1;0;0;"10000[15]; 2000[8];"
Infineon;XMC4500 internal;0;0;1;45;0;32;1;0;0;0;0;0;0;0;0;0;0;0;0;"4000[8]; 20000[1]; 40000[3];"
Infineon;XMC4502 internal;0;0;1;45;0;32;1;0;0;0;0;0;0;0;0;0;0;0;0;"4000[8]; 20000[1]; 40000[3];"
Infineon;XMC4504 internal;0;0;1;45;0;32;1;0;0;0;0;0;0;0;0;0;0;0;0;"4000[8]; 20000[1]; 40000[3];"
Itron;TRIFECTA internal;0;0;1;30;0;32;1;1;0;0;0;0;0;0;0;0;0;0;0;"1000[128]; 800[64], 100000;"
Itron;TRIFECTA internal (Allow info blocks);0;0;1;30;1;32;1;1;0;0;0;0;0;0;0;0;0;0;0;"1000[132]; 800[65], 100000;"
Luminary;LM3S101 internal;0;0;1;18;0;32;1;1;0;0;0;0;0;0;0;0;0;0;0;"400[8];"
Luminary;LM3S102 internal;0;0;1;18;0;32;1;1;0;0;0;0;0;0;0;0;0;0;0;"400[8];"
Luminary;LM3S301 internal;0;0;1;18;0;32;1;1;0;0;0;0;0;0;0;0;0;0;0;"400[16];"
Luminary;LM3S308 internal;0;0;1;18;0;32;1;1;0;0;0;0;0;0;0;0;0;0;0;"400[16];"
Luminary;LM3S310 internal;0;0;1;18;0;32;1;1;0;0;0;0;0;0;0;0;0;0;0;"400[16];"
Luminary;LM3S315 internal;0;0;1;18;0;32;1;1;0;0;0;0;0;0;0;0;0;0;0;"400[16];"
Luminary;LM3S316 internal;0;0;1;18;0;32;1;1;0;0;0;0;0;0;0;0;0;0;0;"400[16];"
Luminary;LM3S317 internal;0;0;1;18;0;32;1;1;0;0;0;0;0;0;0;0;0;0;0;"400[16];"
Luminary;LM3S328 internal;0;0;1;18;0;32;1;1;0;0;0;0;0;0;0;0;0;0;0;"400[16];"
Luminary;LM3S601 internal;0;0;1;18;0;32;1;1;0;0;0;0;0;0;0;0;0;0;0;"400[32];"
Luminary;LM3S610 internal;0;0;1;18;0;32;1;1;0;0;0;0;0;0;0;0;0;0;0;"400[32];"
Luminary;LM3S611 internal;0;0;1;18;0;32;1;1;0;0;0;0;0;0;0;0;0;0;0;"400[32];"
Luminary;LM3S612 internal;0;0;1;18;0;32;1;1;0;0;0;0;0;0;0;0;0;0;0;"400[32];"
Luminary;LM3S613 internal;0;0;1;18;0;32;1;1;0;0;0;0;0;0;0;0;0;0;0;"400[32];"
Luminary;LM3S615 internal;0;0;1;18;0;32;1;1;0;0;0;0;0;0;0;0;0;0;0;"400[32];"
Luminary;LM3S617 internal;0;0;1;18;0;32;1;1;0;0;0;0;0;0;0;0;0;0;0;"400[32];"
Luminary;LM3S618 internal;0;0;1;18;0;32;1;1;0;0;0;0;0;0;0;0;0;0;0;"400[32];"
Luminary;LM3S628 internal;0;0;1;18;0;32;1;1;0;0;0;0;0;0;0;0;0;0;0;"400[32];"
Luminary;LM3S800 internal;0;0;1;18;0;32;1;1;0;0;0;0;0;0;0;0;0;0;0;"400[64];"
Luminary;LM3S801 internal;0;0;1;18;0;32;1;1;0;0;0;0;0;0;0;0;0;0;0;"400[64];"
Luminary;LM3S811 internal;0;0;1;18;0;32;1;1;0;0;0;0;0;0;0;0;0;0;0;"400[64];"
Luminary;LM3S812 internal;0;0;1;18;0;32;1;1;0;0;0;0;0;0;0;0;0;0;0;"400[64];"
Luminary;LM3S815 internal;0;0;1;18;0;32;1;1;0;0;0;0;0;0;0;0;0;0;0;"400[64];"
Luminary;LM3S817 internal;0;0;1;18;0;32;1;1;0;0;0;0;0;0;0;0;0;0;0;"400[64];"
Luminary;LM3S818 internal;0;0;1;18;0;32;1;1;0;0;0;0;0;0;0;0;0;0;0;"400[64];"
Luminary;LM3S828 internal;0;0;1;18;0;32;1;1;0;0;0;0;0;0;0;0;0;0;0;"400[64];"
Luminary;LM3S1621 internal;0;0;1;18;0;32;1;1;0;0;0;0;0;0;0;0;0;0;0;"400[128];"
Luminary;LM3S1751 internal;0;0;1;18;0;32;1;1;0;0;0;0;0;0;0;0;0;0;0;"400[128];"
Luminary;LM3S1911 internal;0;0;1;18;0;32;1;1;0;0;0;0;0;0;0;0;0;0;0;"400[256];"
Luminary;LM3S1918 internal;0;0;1;18;0;32;1;1;0;0;0;0;0;0;0;0;0;0;0;"400[256];"
Luminary;LM3S1937 internal;0;0;1;18;0;32;1;1;0;0;0;0;0;0;0;0;0;0;0;"400[256];"
Luminary;LM3S1958 internal;0;0;1;18;0;32;1;1;0;0;0;0;0;0;0;0;0;0;0;"400[256];"
Luminary;LM3S1960 internal;0;0;1;18;0;32;1;1;0;0;0;0;0;0;0;0;0;0;0;"400[256];"
Luminary;LM3S1968 internal;0;0;1;18;0;32;1;1;0;0;0;0;0;0;0;0;0;0;0;"400[256];"
Luminary;LM3S1969 internal;0;0;1;18;0;32;1;1;0;0;0;0;0;0;0;0;0;0;0;"400[256];"
Luminary;LM3S1D21 internal;0;0;1;18;0;32;1;1;0;0;0;0;0;0;0;0;0;0;0;"400[512];"
Luminary;LM3S2110 internal;0;0;1;18;0;32;1;1;0;0;0;0;0;0;0;0;0;0;0;"400[64];"
Luminary;LM3S2139 internal;0;0;1;18;0;32;1;1;0;0;0;0;0;0;0;0;0;0;0;"400[64];"
Luminary;LM3S2410 internal;0;0;1;18;0;32;1;1;0;0;0;0;0;0;0;0;0;0;0;"400[96];"
Luminary;LM3S2412 internal;0;0;1;18;0;32;1;1;0;0;0;0;0;0;0;0;0;0;0;"400[96];"
Luminary;LM3S2432 internal;0;0;1;18;0;32;1;1;0;0;0;0;0;0;0;0;0;0;0;"400[96];"
Luminary;LM3S2533 internal;0;0;1;18;0;32;1;1;0;0;0;0;0;0;0;0;0;0;0;"400[96];"
Luminary;LM3S2601 internal;0;0;1;18;0;32;1;1;0;0;0;0;0;0;0;0;0;0;0;"400[128];"
Luminary;LM3S2620 internal;0;0;1;18;0;32;1;1;0;0;0;0;0;0;0;0;0;0;0;"400[128];"
Luminary;LM3S2637 internal;0;0;1;18;0;32;1;1;0;0;0;0;0;0;0;0;0;0;0;"400[128];"
Luminary;LM3S2651 internal;0;0;1;18;0;32;1;1;0;0;0;0;0;0;0;0;0;0;0;"400[128];"
Luminary;LM3S2730 internal;0;0;1;18;0;32;1;1;0;0;0;0;0;0;0;0;0;0;0;"400[128];"
Luminary;LM3S2739 internal;0;0;1;18;0;32;1;1;0;0;0;0;0;0;0;0;0;0;0;"400[128];"
Luminary;LM3S2939 internal;0;0;1;18;0;32;1;1;0;0;0;0;0;0;0;0;0;0;0;"400[256];"
Luminary;LM3S2948 internal;0;0;1;18;0;32;1;1;0;0;0;0;0;0;0;0;0;0;0;"400[256];"
Luminary;LM3S2950 internal;0;0;1;18;0;32;1;1;0;0;0;0;0;0;0;0;0;0;0;"400[256];"
Luminary;LM3S2965 internal;0;0;1;18;0;32;1;1;0;0;0;0;0;0;0;0;0;0;0;"400[256];"
Luminary;LM3S2B93 internal;0;0;1;18;0;32;1;1;0;0;0;0;0;0;0;0;0;0;0;"400[512];"
Luminary;LM3S3739 internal;0;0;1;18;0;32;1;1;0;0;0;0;0;0;0;0;0;0;0;"400[128];"
Luminary;LM3S3748 internal;0;0;1;18;0;32;1;1;0;0;0;0;0;0;0;0;0;0;0;"400[128];"
Luminary;LM3S3749 internal;0;0;1;18;0;32;1;1;0;0;0;0;0;0;0;0;0;0;0;"400[128];"
Luminary;LM3S3826 internal;0;0;1;18;0;32;1;1;0;0;0;0;0;0;0;0;0;0;0;"400[256];"
Luminary;LM3S3J26 internal;0;0;1;18;0;32;1;1;0;0;0;0;0;0;0;0;0;0;0;"400[128];"
Luminary;LM3S3N26 internal;0;0;1;18;0;32;1;1;0;0;0;0;0;0;0;0;0;0;0;"400[64];"
Luminary;LM3S3W26 internal;0;0;1;18;0;32;1;1;0;0;0;0;0;0;0;0;0;0;0;"400[32];"
Luminary;LM3S3Z26 internal;0;0;1;18;0;32;1;1;0;0;0;0;0;0;0;0;0;0;0;"400[16];"
Luminary;LM3S5632 internal;0;0;1;18;0;32;1;1;0;0;0;0;0;0;0;0;0;0;0;"400[128];"
Luminary;LM3S5732 internal;0;0;1;18;0;32;1;1;0;0;0;0;0;0;0;0;0;0;0;"400[128];"
Luminary;LM3S5951 internal;0;0;1;18;0;32;1;1;0;0;0;0;0;0;0;0;0;0;0;"400[256];"
Luminary;LM3S5B91 internal;0;0;1;18;0;32;1;1;0;0;0;0;0;0;0;0;0;0;0;"400[256];"
Luminary;LM3S5R36 internal;0;0;1;18;0;32;1;1;0;0;0;0;0;0;0;0;0;0;0;"400[256];"
Luminary;LM3S6100 internal;0;0;1;18;0;32;1;1;0;0;0;0;0;0;0;0;0;0;0;"400[64];"
Luminary;LM3S6110 internal;0;0;1;18;0;32;1;1;0;0;0;0;0;0;0;0;0;0;0;"400[64];"
Luminary;LM3S6420 internal;0;0;1;18;0;32;1;1;0;0;0;0;0;0;0;0;0;0;0;"400[96];"
Luminary;LM3S6422 internal;0;0;1;18;0;32;1;1;0;0;0;0;0;0;0;0;0;0;0;"400[96];"
Luminary;LM3S6432 internal;0;0;1;18;0;32;1;1;0;0;0;0;0;0;0;0;0;0;0;"400[96];"
Luminary;LM3S6610 internal;0;0;1;18;0;32;1;1;0;0;0;0;0;0;0;0;0;0;0;"400[128];"
Luminary;LM3S6633 internal;0;0;1;18;0;32;1;1;0;0;0;0;0;0;0;0;0;0;0;"400[128];"
Luminary;LM3S6637 internal;0;0;1;18;0;32;1;1;0;0;0;0;0;0;0;0;0;0;0;"400[128];"
Luminary;LM3S6730 internal;0;0;1;18;0;32;1;1;0;0;0;0;0;0;0;0;0;0;0;"400[128];"
Luminary;LM3S6911 internal;0;0;1;18;0;32;1;1;0;0;0;0;0;0;0;0;0;0;0;"400[256];"
Luminary;LM3S6918 internal;0;0;1;18;0;32;1;1;0;0;0;0;0;0;0;0;0;0;0;"400[256];"
Luminary;LM3S6938 internal;0;0;1;18;0;32;1;1;0;0;0;0;0;0;0;0;0;0;0;"400[256];"
Luminary;LM3S6952 internal;0;0;1;18;0;32;1;1;0;0;0;0;0;0;0;0;0;0;0;"400[256];"
Luminary;LM3S6965 internal;0;0;1;18;0;32;1;1;0;0;0;0;0;0;0;0;0;0;0;"400[256];"
Luminary;LM3S8530 internal;0;0;1;18;0;32;1;1;0;0;0;0;0;0;0;0;0;0;0;"400[96];"
Luminary;LM3S8538 internal;0;0;1;18;0;32;1;1;0;0;0;0;0;0;0;0;0;0;0;"400[96];"
Luminary;LM3S8630 internal;0;0;1;18;0;32;1;1;0;0;0;0;0;0;0;0;0;0;0;"400[128];"
Luminary;LM3S8730 internal;0;0;1;18;0;32;1;1;0;0;0;0;0;0;0;0;0;0;0;"400[128];"
Luminary;LM3S8733 internal;0;0;1;18;0;32;1;1;0;0;0;0;0;0;0;0;0;0;0;"400[128];"
Luminary;LM3S8738 internal;0;0;1;18;0;32;1;1;0;0;0;0;0;0;0;0;0;0;0;"400[128];"
Luminary;LM3S8930 internal;0;0;1;18;0;32;1;1;0;0;0;0;0;0;0;0;0;0;0;"400[256];"
Luminary;LM3S8933 internal;0;0;1;18;0;32;1;1;0;0;0;0;0;0;0;0;0;0;0;"400[256];"
Luminary;LM3S8938 internal;0;0;1;18;0;32;1;1;0;0;0;0;0;0;0;0;0;0;0;"400[256];"
Luminary;LM3S8962 internal;0;0;1;18;0;32;1;1;0;0;0;0;0;0;0;0;0;0;0;"400[256];"
Luminary;LM3S8970 internal;0;0;1;18;0;32;1;1;0;0;0;0;0;0;0;0;0;0;0;"400[256];"
Luminary;LM3S8971 internal;0;0;1;18;0;32;1;1;0;0;0;0;0;0;0;0;0;0;0;"400[256];"
Luminary;LM3S9790 internal;0;0;1;18;0;32;1;1;0;0;0;0;0;0;0;0;0;0;0;"400[128];"
Luminary;LM3S9792 internal;0;0;1;18;0;32;1;1;0;0;0;0;0;0;0;0;0;0;0;"400[128];"
Luminary;LM3S9997 internal;0;0;1;18;0;32;1;1;0;0;0;0;0;0;0;0;0;0;0;"400[256];"
Luminary;LM3S9B90 internal;0;0;1;18;0;32;1;1;0;0;0;0;0;0;0;0;0;0;0;"400[256];"
Luminary;LM3S9B92 internal;0;0;1;18;0;32;1;1;0;0;0;0;0;0;0;0;0;0;0;"400[256];"
Luminary;LM3S9B95 internal;0;0;1;18;0;32;1;1;0;0;0;0;0;0;0;0;0;0;0;"400[256];"
Luminary;LM3S9B96 internal;0;0;1;18;0;32;1;1;0;0;0;0;0;0;0;0;0;0;0;"400[256];"
Luminary;LM3S9L97 internal;0;0;1;18;0;32;1;1;0;0;0;0;0;0;0;0;0;0;0;"400[128];"
Macronix;MX29LV040;C2004F;C2004F;0;1;0;8;1;0;0;0;0;0;0;0;0;0;0;0;0;"10000[8];"
Macronix;MX29GL128EL;C2227E;C2007E;0;16;0;16;1;0;0;0;0;0;0;0;0;0;0;0;0;"20000[128];"
Macronix;MX29GL128EH;C2227E;C2007E;0;16;0;16;1;0;0;0;0;0;0;0;0;0;0;0;0;"20000[128];"
Macronix;MX29GL256EL;C2227E;C2007E;0;16;0;16;1;0;0;0;0;0;0;0;0;0;0;0;0;"20000[256];"
Macronix;MX29GL256EH;C2227E;C2007E;0;16;0;16;1;0;0;0;0;0;0;0;0;0;0;0;0;"20000[256];"
Macronix;MX29L1611;C200F8;C200F8;0;1;0;16;1;0;0;0;0;0;0;0;0;0;0;0;0;"10000[32];"
Macronix;MX29LV128DB;C2227A;C2007A;0;1;0;16;1;0;0;0;0;0;0;0;0;0;0;0;0;"2000[8]; 10000[255];"
Macronix;MX29LV128DT;C2227E;C2007E;0;1;0;16;1;0;0;0;0;0;0;0;0;0;0;0;0;"10000[255]; 2000[8];"
Macronix;MX29LV128E;C2227E;C2007E;0;1;0;16;1;0;0;0;0;0;0;0;0;0;0;0;0;"20000[256];"
Macronix;MX29LV160CB;C22249;C20049;0;1;0;16;1;0;0;0;0;0;0;0;0;0;0;0;0;"4000; 2000[2]; 8000; 10000[31];"
Macronix;MX29LV160CT;C222C4;C200C4;0;1;0;16;1;0;0;0;0;0;0;0;0;0;0;0;0;"10000[31]; 8000; 2000[2]; 4000;"
Macronix;MX29LV160CB;C22249;C20049;0;1;0;16;1;0;0;0;0;0;0;0;0;0;0;0;0;"4000; 2000[2]; 8000; 10000[31];"
Macronix;MX29LV160CT;C222C4;C200C4;0;1;0;16;1;0;0;0;0;0;0;0;0;0;0;0;0;"10000[31]; 8000; 2000[2]; 4000;"
Macronix;MX29LV256E;C2227E;C2007E;0;1;0;16;1;0;0;0;0;0;0;0;0;0;0;0;0;"20000[128];"
Macronix;MX29LV320AB;C222A8;C200A8;0;1;0;16;1;0;0;0;0;0;0;0;0;0;0;0;0;"2000[8]; 10000[63];"
Macronix;MX29LV320AT;C222A7;C200A7;0;1;0;16;1;0;0;0;0;0;0;0;0;0;0;0;0;"10000[63]; 2000[8];"
Macronix;MX29LV320DB;C222A8;C200A8;0;1;0;16;1;0;0;0;0;0;0;0;0;0;0;0;0;"2000[8]; 10000[63];"
Macronix;MX29LV320DT;C222A7;C200A7;0;1;0;16;1;0;0;0;0;0;0;0;0;0;0;0;0;"10000[63]; 2000[8];"
Macronix;MX29LV400CB;C222BA;C200BA;0;1;0;16;1;0;0;0;0;0;0;0;0;0;0;0;0;"4000; 2000[2]; 8000; 10000[7];"
Macronix;MX29LV400CT;C222B9;C200B9;0;1;0;16;1;0;0;0;0;0;0;0;0;0;0;0;0;"10000[7]; 8000; 2000[2]; 4000;"
Macronix;MX29LV640EB;C222CB;C200CB;0;1;0;16;1;0;0;0;0;0;0;0;0;0;0;0;0;"2000[8]; 10000[127];"
Macronix;MX29LV640ET;C222C9;C200C9;0;1;0;16;1;0;0;0;0;0;0;0;0;0;0;0;0;"10000[127]; 2000[8];"
Macronix;MX29LV800CB;C2225B;C2005B;0;1;0;16;1;0;0;0;0;0;0;0;0;0;0;0;0;"4000; 2000[2]; 8000; 10000[15];"
Macronix;MX29LV800CT;C222DA;C200DA;0;1;0;16;1;0;0;0;0;0;0;0;0;0;0;0;0;"10000[15]; 8000; 2000[2]; 4000;"
Numonyx;M29W128GL;20227E;20007E;0;16;0;16;1;0;0;0;0;0;0;0;0;0;0;0;0;"20000[128];"
Numonyx;M29W128GH;20227E;20007E;0;16;0;16;1;0;0;0;0;0;0;0;0;0;0;0;0;"20000[128];"
Numonyx;M29W256GL;20227E;20007E;0;16;0;16;1;0;0;0;0;0;0;0;0;0;0;0;0;"20000[256];"
Numonyx;M29W256GH;20227E;20007E;0;16;0;16;1;0;0;0;0;0;0;0;0;0;0;0;0;"20000[256];"
Numonyx;M29W320EB;202257;200057;0;1;0;16;1;0;0;0;0;0;0;0;0;0;0;0;0;"2000[8]; 10000[63];"
Numonyx;M29W320ET;202256;200056;0;1;0;16;1;0;0;0;0;0;0;0;0;0;0;0;0;"10000[63]; 2000[8];"
Numonyx;M29W640GH;20227E;20007E;0;16;0;16;1;0;0;0;0;0;0;0;0;0;0;0;0;"10000[128];"
Numonyx;M29W640GL;20227E;20007E;0;16;0;16;1;0;0;0;0;0;0;0;0;0;0;0;0;"10000[128];"
Numonyx;M29W640GB;20227E;20007E;0;16;0;16;1;0;0;0;0;0;0;0;0;0;0;0;0;"2000[8];10000[127];"
Numonyx;M29W640GT;20227E;20007E;0;16;0;16;1;0;0;0;0;0;0;0;0;0;0;0;0;"10000[127];2000[8];"
Numonyx;M58WR016KB;208813;200013;0;2;0;16;1;0;0;1;0;0;1;0;1:0;1;0;0;"10000[31];2000[8];"
Numonyx;M58WR016KT;208812;200012;0;2;0;16;1;0;0;1;0;0;1;0;1:0;1;0;0;"2000[8];10000[31];"
Numonyx;M58WR032KB;208815;200015;0;2;0;16;1;0;0;1;0;0;1;0;1:0;1;0;0;"10000[63];2000[8];"
Numonyx;M58WR032KT;208814;200014;0;2;0;16;1;0;0;1;0;0;1;0;1:0;1;0;0;"2000[8];10000[63];"
Numonyx;M58WR064KB;208811;200011;0;2;0;16;1;0;0;1;0;0;1;0;1:0;1;0;0;"10000[127];2000[8];"
Numonyx;M58WR064KT;208810;200010;0;2;0;16;1;0;0;1;0;0;1;0;1:0;1;0;0;"2000[8];10000[127];"
NXP;LPC1111 internal;0;0;1;24;1;32;1;0;0;0;0;0;0;0;0;0;0;0;0;"1000[2];"
NXP;LPC1112 internal;0;0;1;24;1;32;1;0;0;0;0;0;0;0;0;0;0;0;0;"1000[4];"
NXP;LPC1113 internal;0;0;1;24;1;32;1;0;0;0;0;0;0;0;0;0;0;0;0;"1000[6];"
NXP;LPC1114 internal;0;0;1;24;1;32;1;0;0;0;0;0;0;0;0;0;0;0;0;"1000[8];"
NXP;LPC11A11 internal;0;0;1;24;1;32;1;0;0;0;0;0;0;0;0;0;0;0;0;"1000[2];"
NXP;LPC11A12 internal;0;0;1;24;1;32;1;0;0;0;0;0;0;0;0;0;0;0;0;"1000[4];"
NXP;LPC11A13 internal;0;0;1;24;1;32;1;0;0;0;0;0;0;0;0;0;0;0;0;"1000[6];"
NXP;LPC11A14 internal;0;0;1;24;1;32;1;0;0;0;0;0;0;0;0;0;0;0;0;"1000[8];"
NXP;LPC11A02UK internal;0;0;1;24;1;32;1;0;0;0;0;0;0;0;0;0;0;0;0;"1000[4];"
NXP;LPC11A04UK internal;0;0;1;24;1;32;1;0;0;0;0;0;0;0;0;0;0;0;0;"1000[8];"
NXP;LPC11C12 internal;0;0;1;24;1;32;1;0;0;0;0;0;0;0;0;0;0;0;0;"1000[4];"
NXP;LPC11C14 internal;0;0;1;24;1;32;1;0;0;0;0;0;0;0;0;0;0;0;0;"1000[8];"
NXP;LPC11C22 internal;0;0;1;24;1;32;1;0;0;0;0;0;0;0;0;0;0;0;0;"1000[4];"
NXP;LPC11C24 internal;0;0;1;24;1;32;1;0;0;0;0;0;0;0;0;0;0;0;0;"1000[8];"
NXP;LPC11U12 internal;0;0;1;24;1;32;1;0;0;0;0;0;0;0;0;0;0;0;0;"1000[4];"
NXP;LPC11U13 internal;0;0;1;24;1;32;1;0;0;0;0;0;0;0;0;0;0;0;0;"1000[6];"
NXP;LPC11U14 internal;0;0;1;24;1;32;1;0;0;0;0;0;0;0;0;0;0;0;0;"1000[8];"
NXP;LPC11U23 internal;0;0;1;24;1;32;1;0;0;0;0;0;0;0;0;0;0;0;0;"1000[6];"
NXP;LPC11U24 internal;0;0;1;24;1;32;1;0;0;0;0;0;0;0;0;0;0;0;0;"1000[8];"
NXP;LPC1200 internal;0;0;1;24;1;32;1;0;0;0;0;0;0;0;0;0;0;0;0;"1000[32];"
NXP;LPC1311 internal;0;0;1;24;2;32;1;0;0;0;0;0;0;0;0;0;0;0;0;"1000[2];"
NXP;LPC1313 internal;0;0;1;24;2;32;1;0;0;0;0;0;0;0;0;0;0;0;0;"1000[8];"
NXP;LPC1342 internal;0;0;1;24;2;32;1;0;0;0;0;0;0;0;0;0;0;0;0;"1000[4];"
NXP;LPC1343 internal;0;0;1;24;2;32;1;0;0;0;0;0;0;0;0;0;0;0;0;"1000[8];"
NXP;LPC1751 internal;0;0;1;24;0;32;1;0;0;0;0;0;0;0;0;0;0;0;0;"1000[8];"
NXP;LPC1752 internal;0;0;1;24;0;32;1;0;0;0;0;0;0;0;0;0;0;0;0;"1000[16];"
NXP;LPC1754 internal;0;0;1;24;0;32;1;0;0;0;0;0;0;0;0;0;0;0;0;"1000[16]; 8000[2];"
NXP;LPC1756 internal;0;0;1;24;0;32;1;0;0;0;0;0;0;0;0;0;0;0;0;"1000[16]; 8000[6];"
NXP;LPC1758 internal;0;0;1;24;0;32;1;0;0;0;0;0;0;0;0;0;0;0;0;"1000[16]; 8000[14];"
NXP;LPC1764 internal;0;0;1;24;0;32;1;0;0;0;0;0;0;0;0;0;0;0;0;"1000[16]; 8000[2];"
NXP;LPC1765 internal;0;0;1;24;0;32;1;0;0;0;0;0;0;0;0;0;0;0;0;"1000[16]; 8000[6];"
NXP;LPC1766 internal;0;0;1;24;0;32;1;0;0;0;0;0;0;0;0;0;0;0;0;"1000[16]; 8000[6];"
NXP;LPC1767 internal;0;0;1;24;0;32;1;0;0;0;0;0;0;0;0;0;0;0;0;"1000[16]; 8000[14];"
NXP;LPC1768 internal;0;0;1;24;0;32;1;0;0;0;0;0;0;0;0;0;0;0;0;"1000[16]; 8000[14];"
NXP;LPC1772 internal;0;0;1;24;0;32;1;0;0;0;0;0;0;0;0;0;0;0;0;"1000[16];"
NXP;LPC1774 internal;0;0;1;24;0;32;1;0;0;0;0;0;0;0;0;0;0;0;0;"1000[16]; 8000[2];"
NXP;LPC1776 internal;0;0;1;24;0;32;1;0;0;0;0;0;0;0;0;0;0;0;0;"1000[16]; 8000[6];"
NXP;LPC1777 internal;0;0;1;24;0;32;1;0;0;0;0;0;0;0;0;0;0;0;0;"1000[16]; 8000[14];"
NXP;LPC1778 internal;0;0;1;24;0;32;1;0;0;0;0;0;0;0;0;0;0;0;0;"1000[16]; 8000[14];"
NXP;LPC1785 internal;0;0;1;24;0;32;1;0;0;0;0;0;0;0;0;0;0;0;0;"1000[16]; 8000[6];"
NXP;LPC1786 internal;0;0;1;24;0;32;1;0;0;0;0;0;0;0;0;0;0;0;0;"1000[16]; 8000[6];"
NXP;LPC1787 internal;0;0;1;24;0;32;1;0;0;0;0;0;0;0;0;0;0;0;0;"1000[16]; 8000[14];"
NXP;LPC1788 internal;0;0;1;24;0;32;1;0;0;0;0;0;0;0;0;0;0;0;0;"1000[16]; 8000[14];"
NXP;LPC2101 internal;0;0;1;4;0;32;1;0;0;0;0;0;0;0;0;0;0;0;0;"1000[2];"
NXP;LPC2102 internal;0;0;1;4;0;32;1;0;0;0;0;0;0;0;0;0;0;0;0;"1000[4];"
NXP;LPC2103 internal;0;0;1;4;0;32;1;0;0;0;0;0;0;0;0;0;0;0;0;"1000[8];"
NXP;LPC2104 internal;0;0;1;4;0;32;1;0;0;0;0;0;0;0;0;0;0;0;0;"2000[15];"
NXP;LPC2105 internal;0;0;1;4;0;32;1;0;0;0;0;0;0;0;0;0;0;0;0;"2000[15];"
NXP;LPC2106 internal;0;0;1;4;0;32;1;0;0;0;0;0;0;0;0;0;0;0;0;"2000[15];"
NXP;LPC2109 internal;0;0;1;4;0;32;1;0;0;0;0;0;0;0;0;0;0;0;0;"2000[8];"
NXP;LPC2114 internal;0;0;1;4;0;32;1;0;0;0;0;0;0;0;0;0;0;0;0;"2000[15];"
NXP;LPC2119 internal;0;0;1;4;0;32;1;0;0;0;0;0;0;0;0;0;0;0;0;"2000[15];"
NXP;LPC2124 internal;0;0;1;4;0;32;1;0;0;0;0;0;0;0;0;0;0;0;0;"2000[8]; 10000[2]; 2000[7];"
NXP;LPC2129 internal;0;0;1;4;0;32;1;0;0;0;0;0;0;0;0;0;0;0;0;"2000[8]; 10000[2]; 2000[7];"
NXP;LPC2131 internal;0;0;1;4;0;32;1;0;0;0;0;0;0;0;0;0;0;0;0;"1000[8];"
NXP;LPC2132 internal;0;0;1;4;0;32;1;0;0;0;0;0;0;0;0;0;0;0;0;"1000[8]; 8000[1];"
NXP;LPC2134 internal;0;0;1;4;0;32;1;0;0;0;0;0;0;0;0;0;0;0;0;"1000[8]; 8000[3];"
NXP;LPC2136 internal;0;0;1;4;0;32;1;0;0;0;0;0;0;0;0;0;0;0;0;"1000[8]; 8000[7];"
NXP;LPC2138 internal;0;0;1;4;0;32;1;0;0;0;0;0;0;0;0;0;0;0;0;"1000[8]; 8000[14]; 1000[5];"
NXP;LPC2141 internal;0;0;1;4;0;32;1;0;0;0;0;0;0;0;0;0;0;0;0;"1000[8];"
NXP;LPC2142 internal;0;0;1;4;0;32;1;0;0;0;0;0;0;0;0;0;0;0;0;"1000[8]; 8000[1];"
NXP;LPC2144 internal;0;0;1;4;0;32;1;0;0;0;0;0;0;0;0;0;0;0;0;"1000[8]; 8000[3];"
NXP;LPC2146 internal;0;0;1;4;0;32;1;0;0;0;0;0;0;0;0;0;0;0;0;"1000[8]; 8000[7];"
NXP;LPC2148 internal;0;0;1;4;0;32;1;0;0;0;0;0;0;0;0;0;0;0;0;"1000[8]; 8000[14]; 1000[5];"
NXP;LPC2157 internal;0;0;1;4;0;32;1;0;0;0;0;0;0;0;0;0;0;0;0;"1000[8]; 8000[14]; 1000[5];"
NXP;LPC2158 internal;0;0;1;4;0;32;1;0;0;0;0;0;0;0;0;0;0;0;0;"1000[8]; 8000[14]; 1000[5];"
NXP;LPC2194 internal;0;0;1;4;0;32;1;0;0;0;0;0;0;0;0;0;0;0;0;"2000[8]; 10000[2]; 2000[7];"
NXP;LPC2212 internal;0;0;1;4;0;32;1;0;0;0;0;0;0;0;0;0;0;0;0;"2000[15];"
NXP;LPC2214 internal;0;0;1;4;0;32;1;0;0;0;0;0;0;0;0;0;0;0;0;"2000[8]; 10000[2]; 2000[7];"
NXP;LPC2292 internal;0;0;1;4;0;32;1;0;0;0;0;0;0;0;0;0;0;0;0;"2000[8]; 10000[2]; 2000[7];"
NXP;LPC2294 internal;0;0;1;4;0;32;1;0;0;0;0;0;0;0;0;0;0;0;0;"2000[8]; 10000[2]; 2000[7];"
NXP;LPC2361 internal;0;0;1;4;0;32;1;0;0;0;0;0;0;0;0;0;0;0;0;"1000[8]; 8000[1];"
NXP;LPC2362 internal;0;0;1;4;0;32;1;0;0;0;0;0;0;0;0;0;0;0;0;"1000[8]; 8000[3];"
NXP;LPC2364 internal;0;0;1;4;0;32;1;0;0;0;0;0;0;0;0;0;0;0;0;"1000[8]; 8000[3];"
NXP;LPC2365 internal;0;0;1;4;0;32;1;0;0;0;0;0;0;0;0;0;0;0;0;"1000[8]; 8000[7];"
NXP;LPC2366 internal;0;0;1;4;0;32;1;0;0;0;0;0;0;0;0;0;0;0;0;"1000[8]; 8000[7];"
NXP;LPC2367 internal;0;0;1;4;0;32;1;0;0;0;0;0;0;0;0;0;0;0;0;"1000[8]; 8000[14]; 1000[6];"
NXP;LPC2368 internal;0;0;1;4;0;32;1;0;0;0;0;0;0;0;0;0;0;0;0;"1000[8]; 8000[14]; 1000[6];"
NXP;LPC2377 internal;0;0;1;4;0;32;1;0;0;0;0;0;0;0;0;0;0;0;0;"1000[8]; 8000[14]; 1000[6];"
NXP;LPC2378 internal;0;0;1;4;0;32;1;0;0;0;0;0;0;0;0;0;0;0;0;"1000[8]; 8000[14]; 1000[6];"
NXP;LPC2387 internal;0;0;1;4;0;32;1;0;0;0;0;0;0;0;0;0;0;0;0;"1000[8]; 8000[14]; 1000[6];"
NXP;LPC2388 internal;0;0;1;4;0;32;1;0;0;0;0;0;0;0;0;0;0;0;0;"1000[8]; 8000[14]; 1000[6];"
NXP;LPC2458 internal;0;0;1;4;0;32;1;0;0;0;0;0;0;0;0;0;0;0;0;"1000[8]; 8000[14]; 1000[6];"
NXP;LPC2468 internal;0;0;1;4;0;32;1;0;0;0;0;0;0;0;0;0;0;0;0;"1000[8]; 8000[14]; 1000[6];"
NXP;LPC2478 internal;0;0;1;4;0;32;1;0;0;0;0;0;0;0;0;0;0;0;0;"1000[8]; 8000[14]; 1000[6];"
NXP;LPC2880 internal;0;0;1;27;0;32;1;0;0;0;0;0;0;0;0;0;0;0;0;"10000[15]; 2000[8];"
NXP;LPC2888 internal;0;0;1;27;0;32;1;0;0;0;0;0;0;0;0;0;0;0;0;"10000[15]; 2000[8];"
NXP;LPC2917 internal;0;0;1;15;0;32;1;0;0;1;0;0;0;0;0;0;0;0;0;"2000[8]; 10000[7];"
NXP;LPC2919 internal;0;0;1;15;0;32;1;0;0;1;0;0;0;0;0;0;0;0;0;"2000[8]; 10000[11];"
NXP;LPC2927 internal;0;0;1;15;0;32;1;0;0;1;0;0;0;0;0;0;0;0;0;"2000[8]; 10000[7];"
NXP;LPC2929 internal;0;0;1;15;0;32;1;0;0;1;0;0;0;0;0;0;0;0;0;"2000[8]; 10000[11];"
NXP;PCF87750 internal;0;0;1;11;0;32;1;0;0;0;0;0;0;0;0;0;0;0;0;"800[192];"
NXP;SJA2010 internal;0;0;1;15;0;32;1;0;0;1;0;0;0;0;0;0;0;0;0;"10000[11]; 2000[8];"
NXP;SJA2510 internal;0;0;1;15;0;32;1;0;0;1;0;0;0;0;0;0;0;0;0;"10000[11]; 2000[8];"
OKI;ML67Q4002 internal;0;0;1;14;1;32;1;1;0;0;0;0;0;0;0;0;0;0;0;"800[128];"
OKI;ML67Q4003 internal;0;0;1;14;1;32;1;1;0;0;0;0;0;0;0;0;0;0;0;"800[256];"
OKI;ML67Q4050 internal;0;0;1;14;0;32;1;1;0;0;0;0;0;0;0;0;0;0;0;"1000[16];"
OKI;ML67Q4051 internal;0;0;1;14;0;32;1;1;0;0;0;0;0;0;0;0;0;0;0;"1000[32];"
OKI;ML67Q4060 internal;0;0;1;14;0;32;1;1;0;0;0;0;0;0;0;0;0;0;0;"1000[16];"
OKI;ML67Q4061 internal;0;0;1;14;0;32;1;1;0;0;0;0;0;0;0;0;0;0;0;"1000[32];"
OKI;ML67Q5250 internal;0;0;1;14;2;32;1;1;0;0;0;0;0;0;0;0;0;0;0;"1000[32];"
ON Semi;Q32M210 internal;0;0;1;44;0;32;1;0;0;0;0;0;0;0;0;0;0;0;0;"800[128];"
Renesas;R5F56104 internal;0;0;1;31;0;32;1;0;0;0;0;0;0;0;0;0;0;0;0;"20000[1]; 10000[9]; 2000[8];"
Renesas;R5F56104 internal allow DataFlash;0;0;1;31;0;32;1;0;0;0;0;0;0;0;0;0;0;0;0;"2000[4]; 20000[1], FFE40000; 10000[9]; 2000[8];"
Renesas;R5F56106 internal;0;0;1;31;0;32;1;0;0;0;0;0;0;0;0;0;0;0;0;"20000[3]; 10000[9]; 2000[8];"
Renesas;R5F56106 internal allow DataFlash;0;0;1;31;0;32;1;0;0;0;0;0;0;0;0;0;0;0;0;"2000[4]; 20000[3], FFE00000; 10000[9]; 2000[8];"
Renesas;R5F56107 internal;0;0;1;31;0;32;1;0;0;0;0;0;0;0;0;0;0;0;0;"20000[7]; 10000[9]; 2000[8];"
Renesas;R5F56107 internal allow DataFlash;0;0;1;31;0;32;1;0;0;0;0;0;0;0;0;0;0;0;0;"2000[4]; 20000[7], FFD80000; 10000[9]; 2000[8];"
Renesas;R5F56108 internal;0;0;1;31;0;32;1;0;0;0;0;0;0;0;0;0;0;0;0;"20000[11]; 10000[9]; 2000[8];"
Renesas;R5F56108 internal allow DataFlash;0;0;1;31;0;32;1;0;0;0;0;0;0;0;0;0;0;0;0;"2000[4]; 20000[11], FFD00000; 10000[9]; 2000[8];"
Renesas;R5F562x6 internal;0;0;1;31;0;32;1;0;0;0;0;0;0;0;0;0;0;0;0;"4000[14]; 1000[8];"
Renesas;R5F562x6 internal allow DataFlash;0;0;1;31;0;32;1;0;0;0;0;0;0;0;0;0;0;0;0;"800[4]; 4000[14], FFEC0000; 1000[8];"
Renesas;R5F562x7 internal;0;0;1;31;0;32;1;0;0;0;0;0;0;0;0;0;0;0;0;"4000[22]; 1000[8];"
Renesas;R5F562x7 internal allow DataFlash;0;0;1;31;0;32;1;0;0;0;0;0;0;0;0;0;0;0;0;"800[4]; 4000[22], FFEA0000; 1000[8];"
Renesas;R5F562x8 internal;0;0;1;31;0;32;1;0;0;0;0;0;0;0;0;0;0;0;0;"4000[30]; 1000[8];"
Renesas;R5F562x8 internal allow DataFlash;0;0;1;31;0;32;1;0;0;0;0;0;0;0;0;0;0;0;0;"800[4]; 4000[30], FFE80000; 1000[8];"
Renesas;R5F562T6 internal;0;0;1;31;0;32;1;0;0;0;0;0;0;0;0;0;0;0;0;"4000[2]; 1000[8];"
Renesas;R5F562T6 internal allow DataFlash;0;0;1;31;0;32;1;0;0;0;0;0;0;0;0;0;0;0;0;"800[16]; 4000[2], FFEF0000; 1000[8];"
Renesas;R5F562T7 internal;0;0;1;31;0;32;1;0;0;0;0;0;0;0;0;0;0;0;0;"4000[6]; 1000[8];"
Renesas;R5F562T7 internal allow DataFlash;0;0;1;31;0;32;1;0;0;0;0;0;0;0;0;0;0;0;0;"800[16]; 4000[6], FFEE0000; 1000[8];"
Renesas;R5F562TA internal;0;0;1;31;0;32;1;0;0;0;0;0;0;0;0;0;0;0;0;"4000[14]; 1000[8];"
Renesas;R5F562TA internal allow DataFlash;0;0;1;31;0;32;1;0;0;0;0;0;0;0;0;0;0;0;0;"800[16]; 4000[14], FFEC0000; 1000[8];"
Renesas;R5F563x7 internal;0;0;1;31;2;32;1;0;0;0;0;0;0;0;0;0;0;0;0;"4000[22]; 1000[8];"
Renesas;R5F563x7 internal allow DataFlash;0;0;1;31;2;32;1;0;0;0;0;0;0;0;0;0;0;0;0;"100[128]; 4000[22], FFEA0000; 1000[8];"
Renesas;R5F563x8 internal;0;0;1;31;2;32;1;0;0;0;0;0;0;0;0;0;0;0;0;"4000[30]; 1000[8];"
Renesas;R5F563x8 internal allow DataFlash;0;0;1;31;2;32;1;0;0;0;0;0;0;0;0;0;0;0;0;"100[128]; 4000[30], FFE80000; 1000[8];"
Renesas;R5F563xA internal;0;0;1;31;2;32;1;0;0;0;0;0;0;0;0;0;0;0;0;"8000[8]; 4000[30]; 1000[8];"
Renesas;R5F563xA internal allow DataFlash;0;0;1;31;2;32;1;0;0;0;0;0;0;0;0;0;0;0;0;"100[128]; 8000[8], FFE40000; 4000[30]; 1000[8];"
Renesas;R5F563xB internal;0;0;1;31;2;32;1;0;0;0;0;0;0;0;0;0;0;0;0;"8000[16]; 4000[30]; 1000[8];"
Renesas;R5F563xB internal allow DataFlash;0;0;1;31;2;32;1;0;0;0;0;0;0;0;0;0;0;0;0;"100[128]; 8000[16], FFE00000; 4000[30]; 1000[8];"
Renesas;R5F563xD internal;0;0;1;31;2;32;1;0;0;0;0;0;0;0;0;0;0;0;0;"10000[8]; 8000[16]; 4000[30]; 1000[8];"
Renesas;R5F563xD internal allow DataFlash;0;0;1;31;2;32;1;0;0;0;0;0;0;0;0;0;0;0;0;"100[128]; 10000[8], FFD80000; 8000[16]; 4000[30]; 1000[8];"
Renesas;R5F563xE internal;0;0;1;31;2;32;1;0;0;0;0;0;0;0;0;0;0;0;0;"10000[16]; 8000[16]; 4000[30]; 1000[8];"
Renesas;R5F563xE internal allow DataFlash;0;0;1;31;2;32;1;0;0;0;0;0;0;0;0;0;0;0;0;"100[128]; 10000[16], FFD00000; 8000[16]; 4000[30]; 1000[8];"
Samsung;S3F445HX internal;0;0;1;7;0;32;1;0;0;0;0;0;0;0;0;0;0;0;0;"200[1024];"
Samsung;S3FN21B internal;0;0;1;41;0;32;1;1;0;0;0;0;0;0;0;0;0;0;0;"4000[4];"
Samsung;S3FN21B internal allow JTAG protect;0;0;1;41;1;32;1;1;0;0;0;0;0;0;0;0;0;0;0;"4000[4];"
Samsung;S3FN21C internal;0;0;1;41;0;32;1;1;0;0;0;0;0;0;0;0;0;0;0;"4000[6];"
Samsung;S3FN21C internal allow JTAG protect;0;0;1;41;1;32;1;1;0;0;0;0;0;0;0;0;0;0;0;"4000[6];"
Samsung;S3FN21D internal;0;0;1;41;0;32;1;1;0;0;0;0;0;0;0;0;0;0;0;"4000[8];"
Samsung;S3FN21D internal allow JTAG protect;0;0;1;41;1;32;1;1;0;0;0;0;0;0;0;0;0;0;0;"4000[8];"
Samsung;S3FN41F internal;0;0;1;41;0;32;1;1;0;0;0;0;0;0;0;0;0;0;0;"4000[16];"
Samsung;S3FN41F internal allow JTAG protect;0;0;1;41;1;32;1;1;0;0;0;0;0;0;0;0;0;0;0;"4000[16];"
Samsung;S3FN60D internal;0;0;1;39;0;32;1;0;0;0;0;0;0;0;0;0;0;0;0;"2000[16];"
Samsung;K8P6415UQB;EC257E;EC007E;0;1;0;16;1;0;0;0;0;0;0;0;0;0;0;0;0;"2000[8];10000[126];2000[8];"
Sharp;LH28F128BFHED (Bank0);B000B0;B000B0;0;10;0;16;1;0;0;1;0;0;0;0;0;0;1;0;0;"10000[127]; 2000[8];"
Sharp;LH28F128BFHED (Bank1);B000B1;B000B1;0;10;0;16;1;0;0;1;0;0;0;0;0;0;1;0;0;"2000[8]; 10000[127];"
Sharp;LH28F128BFHT;B00011;B00011;0;10;0;16;1;0;0;1;0;0;0;0;0;0;1;0;0;"2000[8]; 10000[255];"
Sharp;LH28F128SPHTD;B00018;B00018;0;10;0;16;1;0;0;1;0;0;0;0;0;0;1;0;0;"20000[128];"
Sharp;LH28F640BFHE-PBTL;B000B1;B000B1;0;10;0;16;1;0;0;1;0;0;0;0;0;0;1;0;0;"2000[8]; 10000[127];"
Sharp;LH28F640BFHE-PTTL;B000B0;B000B0;0;10;0;16;1;0;0;1;0;0;0;0;0;0;1;0;0;"10000[127]; 2000[8];"
Sharp;LH28F640BFHG-PBTL;B000B1;B000B1;0;10;0;16;1;0;0;1;0;0;0;0;0;0;1;0;0;"2000[8]; 10000[127];"
Sharp;LH28F640BFHG-PTTL;B000B0;B000B0;0;10;0;16;1;0;0;1;0;0;0;0;0;0;1;0;0;"10000[127]; 2000[8];"
Sharp;LH28F800BJHE-PBTL;B000ED;B000ED;0;10;0;16;1;0;0;1;0;0;0;0;0;0;1;0;0;"2000[8]; 10000[15];"
Sharp;LH28F800BJE-PTTL;B000EC;B000EC;0;2;0;16;1;0;0;1;0;0;0;0;0;0;1;0;0;"10000[15]; 2000[8];"
Sharp;LHF00L29;B000A5;B000A5;0;2;0;16;1;0;0;1;0;0;0;0;0;0;1;0;0;"2000[8]; 10000[1]; 20000[15];"
Sirona;Sirona 2x16;0122DA;0100DA;0;1;1;16;1;0;0;0;0;0;0;0;0;0;0;0;0;"10000[15]; 8000; 2000[2]; 4000; 10000[15], 2000000; 8000; 2000[2]; 4000;"
Spansion;S29AL008Jxxxxx01;0122DA;0100DA;0;1;0;16;1;0;0;0;0;0;0;0;0;0;0;0;0;"10000[15]; 8000; 2000[2]; 4000;"
Spansion;S29AL008Jxxxxx02;01225B;01005B;0;1;0;16;1;0;0;0;0;0;0;0;0;0;0;0;0;"4000; 2000[2]; 8000; 10000[15];"
Spansion;S29AL008Dxxxxxx1;0122DA;0100DA;0;1;0;16;1;0;0;0;0;0;0;0;0;0;0;0;0;"10000[15]; 8000; 2000[2]; 4000;"
Spansion;S29AL008Dxxxxxx2;01225B;01005B;0;1;0;16;1;0;0;0;0;0;0;0;0;0;0;0;0;"4000; 2000[2]; 8000; 10000[15];"
Spansion;S29AL016Dxxxxxx1;0122C4;0100C4;0;1;0;16;1;0;0;0;0;0;0;0;0;0;0;0;0;"10000[31]; 8000; 2000[2]; 4000;"
Spansion;S29AL016Dxxxxxx2;012249;010049;0;1;0;16;1;0;0;0;0;0;0;0;0;0;0;0;0;"4000; 2000[2]; 8000; 10000[31];"
Spansion;S29AL016Jxxxxxx1;0122C4;0100C4;0;1;0;16;1;0;0;0;0;0;0;0;0;0;0;0;0;"10000[31]; 8000; 2000[2]; 4000;"
Spansion;S29AL016Jxxxxxx2;012249;010049;0;1;0;16;1;0;0;0;0;0;0;0;0;0;0;0;0;"4000; 2000[2]; 8000; 10000[31];"
Spansion;S29AL016Jxxxxxx3;0122C4;0100C4;0;1;0;16;1;0;0;0;0;0;0;0;0;0;0;0;0;"10000[31]; 8000; 2000[2]; 4000;"
Spansion;S29AL016Jxxxxxx4;012249;010049;0;1;0;16;1;0;0;0;0;0;0;0;0;0;0;0;0;"4000; 2000[2]; 8000; 10000[31];"
Spansion;S29AL032Dxxxxxx0;0122A3;0100A3;0;1;0;16;1;0;0;0;0;0;0;0;0;0;0;0;0;"10000[64];"
Spansion;S29AL032Dxxxxxx3;0122F6;0100F6;0;1;0;16;1;0;0;0;0;0;0;0;0;0;0;0;0;"10000[63]; 2000[8];"
Spansion;S29AL032Dxxxxxx4;0122F9;0100F9;0;1;0;16;1;0;0;0;0;0;0;0;0;0;0;0;0;"2000[8]; 10000[63];"
Spansion;S29GL01GP;01227E;01007E;0;16;0;16;1;0;0;0;0;0;0;0;0;0;0;0;0;"20000[1024];"
Spansion;S29GL032AxR1;01227E;01007E;0;16;0;16;1;0;0;0;0;0;0;0;0;0;0;0;0;"10000[64];"
Spansion;S29GL032AxR2;01227E;01007E;0;16;0;16;1;0;0;0;0;0;0;0;0;0;0;0;0;"10000[64];"
Spansion;S29GL032AxR3;01227E;01007E;0;16;0;16;1;0;0;0;0;0;0;0;0;0;0;0;0;"10000[63]; 2000[8];"
Spansion;S29GL032AxR4;01227E;01007E;0;16;0;16;1;0;0;0;0;0;0;0;0;0;0;0;0;"2000[8]; 10000[63];"
Spansion;S29GL032AxW3;01227E;01007E;0;16;0;16;1;0;0;0;0;0;0;0;0;0;0;0;0;"10000[63]; 2000[8];"
Spansion;S29GL032AxW4;01227E;01007E;0;16;0;16;1;0;0;0;0;0;0;0;0;0;0;0;0;"2000[8]; 10000[63];"
Spansion;S29GL032MxR0;01227E;01007E;0;16;0;8;1;0;0;0;0;0;0;0;0;0;0;0;0;"10000[64];"
Spansion;S29GL032MxR1;01227E;01007E;0;16;0;16;1;0;0;0;0;0;0;0;0;0;0;0;0;"10000[64];"
Spansion;S29GL032MxR2;01227E;01007E;0;16;0;16;1;0;0;0;0;0;0;0;0;0;0;0;0;"10000[64];"
Spansion;S29GL032MxR3;01227E;01007E;0;16;0;16;1;0;0;0;0;0;0;0;0;0;0;0;0;"10000[63]; 2000[8];"
Spansion;S29GL032MxR4;01227E;01007E;0;16;0;16;1;0;0;0;0;0;0;0;0;0;0;0;0;"2000[8]; 10000[63];"
Spansion;S29GL032MxR5;01227E;01007E;0;16;0;16;1;0;0;0;0;0;0;0;0;0;0;0;0;"10000[63]; 2000[8];"
Spansion;S29GL032MxR6;01227E;01007E;0;16;0;16;1;0;0;0;0;0;0;0;0;0;0;0;0;"2000[8]; 10000[63];"
Spansion;S29GL032Nxxxxx01;01227E;01007E;0;1;0;16;1;0;0;0;0;0;0;0;0;0;0;0;0;"10000[64];"
Spansion;S29GL032Nxxxxx02;01227E;01007E;0;1;0;16;1;0;0;0;0;0;0;0;0;0;0;0;0;"10000[64];"
Spansion;S29GL032Nxxxxx03;01227E;01007E;0;1;0;16;1;0;0;0;0;0;0;0;0;0;0;0;0;"10000[63]; 2000[8];"
Spansion;S29GL032Nxxxxx04;01227E;01007E;0;1;0;16;1;0;0;0;0;0;0;0;0;0;0;0;0;"2000[8]; 10000[63];"
Spansion;S29GL032NxxxxxV1;01227E;01007E;0;1;0;16;1;0;0;0;0;0;0;0;0;0;0;0;0;"10000[64];"
Spansion;S29GL032NxxxxxV2;01227E;01007E;0;1;0;16;1;0;0;0;0;0;0;0;0;0;0;0;0;"10000[64];"
Spansion;S29GL064MxR0;01227E;01007E;0;16;0;8;1;0;0;0;0;0;0;0;0;0;0;0;0;"10000[128];"
Spansion;S29GL064MxR1;01227E;01007E;0;16;0;16;1;0;0;0;0;0;0;0;0;0;0;0;0;"10000[128];"
Spansion;S29GL064MxR2;01227E;01007E;0;16;0;16;1;0;0;0;0;0;0;0;0;0;0;0;0;"10000[128];"
Spansion;S29GL064MxR3;01227E;01007E;0;16;0;16;1;0;0;0;0;0;0;0;0;0;0;0;0;"10000[127]; 2000[8];"
Spansion;S29GL064MxR4;01227E;01007E;0;16;0;16;1;0;0;0;0;0;0;0;0;0;0;0;0;"2000[8]; 10000[127];"
Spansion;S29GL064MxR5;01227E;01007E;0;16;0;16;1;0;0;0;0;0;0;0;0;0;0;0;0;"10000[128];"
Spansion;S29GL064MxR6;01227E;01007E;0;16;0;16;1;0;0;0;0;0;0;0;0;0;0;0;0;"10000[128];"
Spansion;S29GL064MxR7;01227E;01007E;0;16;0;16;1;0;0;0;0;0;0;0;0;0;0;0;0;"10000[128];"
Spansion;S29GL064MxR8;01227E;01007E;0;16;0;16;1;0;0;0;0;0;0;0;0;0;0;0;0;"10000[128];"
Spansion;S29GL064MxR9;01227E;01007E;0;16;0;16;1;0;0;0;0;0;0;0;0;0;0;0;0;"10000[128];"
Spansion;S29GL064Nxxxxx01;01227E;01007E;0;1;0;16;1;0;0;0;0;0;0;0;0;0;0;0;0;"10000[128];"
Spansion;S29GL064Nxxxxx02;01227E;01007E;0;1;0;16;1;0;0;0;0;0;0;0;0;0;0;0;0;"10000[128];"
Spansion;S29GL064Nxxxxx03;01227E;01007E;0;1;0;16;1;0;0;0;0;0;0;0;0;0;0;0;0;"10000[127]; 2000[8];"
Spansion;S29GL064Nxxxxx04;01227E;01007E;0;1;0;16;1;0;0;0;0;0;0;0;0;0;0;0;0;"2000[8]; 10000[127];"
Spansion;S29GL064Nxxxxx06;01227E;01007E;0;1;0;16;1;0;0;0;0;0;0;0;0;0;0;0;0;"10000[128];"
Spansion;S29GL064Nxxxxx07;01227E;01007E;0;1;0;16;1;0;0;0;0;0;0;0;0;0;0;0;0;"10000[128];"
Spansion;S29GL064NxxxxxV1;01227E;01007E;0;1;0;16;1;0;0;0;0;0;0;0;0;0;0;0;0;"10000[128];"
Spansion;S29GL064NxxxxxV2;01227E;01007E;0;1;0;16;1;0;0;0;0;0;0;0;0;0;0;0;0;"10000[128];"
Spansion;S29GL064NxxxxxV6;01227E;01007E;0;1;0;16;1;0;0;0;0;0;0;0;0;0;0;0;0;"10000[128];"
Spansion;S29GL064NxxxxxV7;01227E;01007E;0;1;0;16;1;0;0;0;0;0;0;0;0;0;0;0;0;"10000[128];"
Spansion;S29GL128M;01227E;01007E;0;16;0;16;1;0;0;0;0;0;0;0;0;0;0;0;0;"10000[256];"
Spansion;S29GL128N;01227E;01007E;0;16;0;16;1;0;0;0;0;0;0;0;0;0;0;0;0;"20000[128];"
Spansion;S29GL128P;01227E;01007E;0;16;0;16;1;0;0;0;0;0;0;0;0;0;0;0;0;"20000[128];"
Spansion;S29GL256M;01227E;01007E;0;16;0;16;1;0;0;0;0;0;0;0;0;0;0;0;0;"10000[512];"
Spansion;S29GL256N;01227E;01007E;0;16;0;16;1;0;0;0;0;0;0;0;0;0;0;0;0;"20000[256];"
Spansion;S29GL256P;01227E;01007E;0;16;0;16;1;0;0;0;0;0;0;0;0;0;0;0;0;"20000[256];"
Spansion;S29GL512N;01227E;01007E;0;16;0;16;1;0;0;0;0;0;0;0;0;0;0;0;0;"20000[512];"
Spansion;S29GL512P;01227E;01007E;0;16;0;16;1;0;0;0;0;0;0;0;0;0;0;0;0;"20000[512];"
Spansion;S29JL032Hxxxxxx1;01227E;01007E;0;1;0;16;1;0;0;0;0;0;0;0;0;0;0;0;0;"10000[63]; 2000[8];"
Spansion;S29JL032Hxxxxxx2;01227E;01007E;0;1;0;16;1;0;0;0;0;0;0;0;0;0;0;0;0;"2000[8]; 10000[63];"
Spansion;S29JL064Hxxxxx00;01227E;01007E;0;1;0;16;1;0;0;0;0;0;0;0;0;0;0;0;0;"2000[8]; 10000[126]; 2000[8];"
Spansion;S29PL032J;01227E;01007E;0;1;0;16;1;0;0;0;0;0;0;0;0;0;0;0;0;"2000[8]; 10000[62]; 2000[8];"
Spansion;S29PL064J;01227E;01007E;0;1;0;16;1;0;0;0;0;0;0;0;0;0;0;0;0;"2000[8]; 10000[126]; 2000[8];"
Spansion;S29PL127J;01227E;01007E;0;1;0;16;1;0;0;0;0;0;0;0;0;0;0;0;0;"2000[8]; 10000[254]; 2000[8];"
Spansion;S29WS064J;01227E;01007E;0;1;0;16;1;0;0;0;0;0;0;0;0;0;0;0;0;"2000[8]; 10000[126]; 2000[8];"
Spansion;S29WS128J;01227E;01007E;0;1;0;16;1;0;0;0;0;0;0;0;0;0;0;0;0;"2000[8]; 10000[254]; 2000[8];"
Spansion;S29WS128N;01227E;01007E;0;16;0;16;1;0;0;0;0;0;0;0;0;0;0;0;0;"8000[4]; 20000[126]; 8000[4];"
Spansion;S29WS256N;01227E;01007E;0;16;0;16;1;0;0;0;0;0;0;0;0;0;0;0;0;"8000[4]; 20000[254]; 8000[4];"
Spansion;S29WS128P;01227E;01007E;0;16;0;16;1;0;0;0;0;0;0;0;0;0;0;0;0;"8000[4]; 20000[126]; 8000[4];"
Spansion;S29WS256P;01227E;01007E;0;16;0;16;1;0;0;0;0;0;0;0;0;0;0;0;0;"8000[4]; 20000[254]; 8000[4];"
Spansion;S29WS512P;01227E;01007E;0;16;0;16;1;0;0;0;0;0;0;0;0;0;0;0;0;"8000[4]; 20000[510]; 8000[4];"
Spansion;S71PL032J;01227E;01007E;0;1;0;16;1;0;0;0;0;0;0;0;0;0;0;0;0;"2000[8]; 10000[62]; 2000[8];"
Spansion;S71PL064J;01227E;01007E;0;1;0;16;1;0;0;0;0;0;0;0;0;0;0;0;0;"2000[8]; 10000[126]; 2000[8];"
Spansion;S71PL127J;01227E;01007E;0;1;0;16;1;0;0;0;0;0;0;0;0;0;0;0;0;"2000[8]; 10000[254]; 2000[8];"
SST;SST36VF3203;BF7354;BF0054;0;1;0;16;1;0;0;0;0;0;0;0;0;0;0;0;0;"10000[64];"
SST;SST36VF3204;BF7353;BF0053;0;1;0;16;1;0;0;0;0;0;0;0;0;0;0;0;0;"10000[64];"
SST;SST39LF200A;BF2789;BF0089;0;1;0;16;1;0;0;0;0;0;0;0;0;0;0;0;0;"1000[64];"
SST;SST39LF400A;BF2780;BF0080;0;1;0;16;1;0;0;0;0;0;0;0;0;0;0;0;0;"1000[128];"
SST;SST39LF800A;BF2781;BF0081;0;1;0;16;1;0;0;0;0;0;0;0;0;0;0;0;0;"1000[256];"
SST;SST39LF160;BF2782;BF0082;0;1;0;16;1;0;0;0;0;0;0;0;0;0;0;0;0;"1000[512];"
SST;SST39VF160;BF2782;BF0082;0;1;0;16;1;0;0;0;0;0;0;0;0;0;0;0;0;"1000[512];"
SST;SST39VF1601;BF234B;BF004B;0;1;0;16;1;0;0;0;0;0;0;0;0;0;0;0;0;"1000[512];"
SST;SST39VF1602;BF234A;BF004A;0;1;0;16;1;0;0;0;0;0;0;0;0;0;0;0;0;"1000[512];"
SST;SST39VF200A;BF2789;BF0089;0;1;0;16;1;0;0;0;0;0;0;0;0;0;0;0;0;"1000[64];"
SST;SST39VF3201;BF235B;BF005B;0;1;0;16;1;0;0;0;0;0;0;0;0;0;0;0;0;"1000[1024];"
SST;SST39VF3202;BF235A;BF005A;0;1;0;16;1;0;0;0;0;0;0;0;0;0;0;0;0;"1000[1024];"
SST;SST39VF400A;BF2780;BF0080;0;1;0;16;1;0;0;0;0;0;0;0;0;0;0;0;0;"1000[128];"
SST;SST39VF6401;BF236B;BF006B;0;1;0;16;1;0;0;0;0;0;0;0;0;0;0;0;0;"1000[2048];"
SST;SST39VF6401B;BF236D;BF006D;0;1;0;16;1;0;0;0;0;0;0;0;0;0;0;0;0;"1000[2048];"
SST;SST39VF6402;BF236A;BF006A;0;1;0;16;1;0;0;0;0;0;0;0;0;0;0;0;0;"1000[2048];"
SST;SST39VF6402B;BF236C;BF006C;0;1;0;16;1;0;0;0;0;0;0;0;0;0;0;0;0;"1000[2048];"
SST;SST39VF800A;BF2781;BF0081;0;1;0;16;1;0;0;0;0;0;0;0;0;0;0;0;0;"1000[256];"
ST;M28W320FCB;2088BB;2000BB;0;2;0;16;1;0;0;1;0;0;0;0;0;0;1;0;0;"2000[8]; 10000[63];"
ST;M28W320FCT;2088BA;2000BA;0;2;0;16;1;0;0;1;0;0;0;0;0;0;1;0;0;"10000[63]; 2000[8];"
ST;M28W320FSB;20880B;20000B;0;2;0;16;1;0;0;1;0;0;0;0;0;0;1;0;0;"2000[8]; 10000[63];"
ST;M28W320FST;20880A;20000A;0;2;0;16;1;0;0;1;0;0;0;0;0;0;1;0;0;"10000[63]; 2000[8];"
ST;M28W640ECB;208849;200049;0;2;0;16;1;0;0;1;0;0;0;0;0;0;1;0;0;"2000[8]; 10000[127];"
ST;M28W640ECT;208848;200048;0;2;0;16;1;0;0;1;0;0;0;0;0;0;1;0;0;"10000[127]; 2000[8];"
ST;M28W640FCB;208849;200049;0;2;0;16;1;0;0;1;0;0;0;0;0;0;1;0;0;"2000[8]; 10000[127];"
ST;M28W640FCT;208848;200048;0;2;0;16;1;0;0;1;0;0;0;0;0;0;1;0;0;"10000[127]; 2000[8];"
ST;M28W640FSB;208859;200059;0;2;0;16;1;0;0;1;0;0;0;0;0;0;1;0;0;"2000[8]; 10000[127];"
ST;M28W640FST;208858;200058;0;2;0;16;1;0;0;1;0;0;0;0;0;0;1;0;0;"10000[127]; 2000[8];"
ST;M29DW128F;20227E;20007E;0;1;0;16;1;0;0;0;0;0;0;0;0;0;0;0;0;"2000[8]; 10000[254]; 2000[8];"
ST;M29DW323DB;20225F;20005F;0;1;0;16;1;0;0;0;0;0;0;0;0;0;0;0;0;"2000[8]; 10000[63];"
ST;M29DW323DT;20225E;20005E;0;1;0;16;1;0;0;0;0;0;0;0;0;0;0;0;0;"10000[63]; 2000[8];"
ST;M29DW324DB;20225D;20005D;0;1;0;16;1;0;0;0;0;0;0;0;0;0;0;0;0;"2000[8]; 10000[63];"
ST;M29DW324DT;20225C;20005C;0;1;0;16;1;0;0;0;0;0;0;0;0;0;0;0;0;"10000[63]; 2000[8];"
ST;M29DW640D;20227E;20007E;0;1;0;16;1;0;0;0;0;0;0;0;0;0;0;0;0;"2000[8]; 10000[126]; 2000[8];"
ST;M29DW641F;20227E;20007E;0;1;0;16;1;0;0;0;0;0;0;0;0;0;0;0;0;"2000[8]; 10000[126]; 2000[8];"
ST;M29W128FH;20227E;20007E;0;1;0;16;1;0;0;0;0;0;0;0;0;0;0;0;0;"10000[256];"
ST;M29W128FL;20227E;20007E;0;1;0;16;1;0;0;0;0;0;0;0;0;0;0;0;0;"10000[256];"
ST;M29W160DB;202249;200049;0;1;0;16;1;0;0;0;0;0;0;0;0;0;0;0;0;"4000; 2000[2]; 8000; 10000[31];"
ST;M29W160DT;2022C4;2000C4;0;1;0;16;1;0;0;0;0;0;0;0;0;0;0;0;0;"10000[31]; 8000; 2000[2]; 4000;"
ST;M29W160EB;202249;200049;0;1;0;16;1;0;0;0;0;0;0;0;0;0;0;0;0;"4000; 2000[2]; 8000; 10000[31];"
ST;M29W160ET;2022C4;2000C4;0;1;0;16;1;0;0;0;0;0;0;0;0;0;0;0;0;"10000[31]; 8000; 2000[2]; 4000;"
ST;M29W200BB;200057;200057;0;1;0;16;1;0;0;0;0;0;0;0;0;0;0;0;0;"4000; 2000[2]; 8000; 10000[3];"
ST;M29W200BT;200051;200051;0;1;0;16;1;0;0;0;0;0;0;0;0;0;0;0;0;"10000[3]; 8000; 2000[2]; 4000;"
ST;M29W320DB;2022CB;2000CB;0;1;0;16;1;0;0;0;0;0;0;0;0;0;0;0;0;"4000; 2000[2]; 8000; 10000[63];"
ST;M29W320DT;2022CA;2000CA;0;1;0;16;1;0;0;0;0;0;0;0;0;0;0;0;0;"10000[63]; 8000; 2000[2]; 4000;"
ST;M29W320EB;202257;200057;0;1;0;16;1;0;0;0;0;0;0;0;0;0;0;0;0;"2000[8]; 10000[63];"
ST;M29W320ET;202256;200056;0;1;0;16;1;0;0;0;0;0;0;0;0;0;0;0;0;"10000[63]; 2000[8];"
ST;M29W400BB;2000EF;2000EF;0;1;0;16;1;0;0;0;0;0;0;0;0;0;0;0;0;"4000; 2000[2]; 8000; 10000[7];"
ST;M29W400BT;2000EE;2000EE;0;1;0;16;1;0;0;0;0;0;0;0;0;0;0;0;0;"10000[7]; 8000; 2000[2]; 4000;"
ST;M29W400DB;2000EF;2000EF;0;1;0;16;1;0;0;0;0;0;0;0;0;0;0;0;0;"4000; 2000[2]; 8000; 10000[7];"
ST;M29W400DT;2000EE;2000EE;0;1;0;16;1;0;0;0;0;0;0;0;0;0;0;0;0;"10000[7]; 8000; 2000[2]; 4000;"
ST;M29W640DB;2022DF;2000DF;0;1;0;16;1;0;0;0;0;0;0;0;0;0;0;0;0;"2000[8]; 10000[127];"
ST;M29W640DT;2022DE;2000DE;0;1;0;16;1;0;0;0;0;0;0;0;0;0;0;0;0;"10000[127]; 2000[8];"
ST;M29W640FB;2022FD;2000FD;0;1;0;16;1;0;0;0;0;0;0;0;0;0;0;0;0;"2000[8]; 10000[127];"
ST;M29W640FT;2022ED;2000ED;0;1;0;16;1;0;0;0;0;0;0;0;0;0;0;0;0;"10000[127]; 2000[8];"
ST;M29W800DB;20225B;20005B;0;1;0;16;1;0;0;0;0;0;0;0;0;0;0;0;0;"4000; 2000[2]; 8000; 10000[15];"
ST;M29W800DT;2022D7;2000D7;0;1;0;16;1;0;0;0;0;0;0;0;0;0;0;0;0;"10000[15]; 8000; 2000[2]; 4000;"
ST;M36W0R5040B5;208815;200015;0;2;0;16;1;0;0;0;0;0;0;0;0;0;0;0;0;"10000[63]; 2000[8];"
ST;M36W0R5040T5;208814;200014;0;2;0;16;1;0;0;0;0;0;0;0;0;0;0;0;0;"2000[8]; 10000[63];"
ST;M36W0R6040B1;208811;200011;0;2;0;16;1;0;0;0;0;0;0;0;0;0;0;0;0;"10000[127]; 2000[8];"
ST;M36W0R6040B3;208811;200011;0;2;0;16;1;0;0;0;0;0;0;0;0;0;0;0;0;"10000[127]; 2000[8];"
ST;M36W0R6040T1;208810;200010;0;2;0;16;1;0;0;0;0;0;0;0;0;0;0;0;0;"2000[8]; 10000[127];"
ST;M36W0R6040T3;208810;200010;0;2;0;16;1;0;0;0;0;0;0;0;0;0;0;0;0;"2000[8]; 10000[127];"
ST;M36W0R6050B3;208811;200011;0;2;0;16;1;0;0;0;0;0;0;0;0;0;0;0;0;"10000[127]; 2000[8];"
ST;M36W0R6050T3;208810;200010;0;2;0;16;1;0;0;0;0;0;0;0;0;0;0;0;0;"2000[8]; 10000[127];"
ST;M58WR016KB;208813;200013;0;1;0;16;1;0;0;0;0;0;0;0;0;0;0;0;0;"10000[31]; 2000[8];"
ST;M58WR016KT;208812;200012;0;1;0;16;1;0;0;0;0;0;0;0;0;0;0;0;0;"2000[8]; 10000[31];"
ST;M58WR032KB;208815;200015;0;1;0;16;1;0;0;0;0;0;0;0;0;0;0;0;0;"10000[63]; 2000[8];"
ST;M58WR032KT;208814;200014;0;1;0;16;1;0;0;0;0;0;0;0;0;0;0;0;0;"2000[8]; 10000[63];"
ST;M58WR064HB;208811;200011;0;1;0;16;1;0;0;0;0;0;0;0;0;0;0;0;0;"10000[127]; 2000[8];"
ST;M58WR064HT;208810;200010;0;1;0;16;1;0;0;0;0;0;0;0;0;0;0;0;0;"2000[8]; 10000[127];"
ST;M58WR064KB;208811;200011;0;1;0;16;1;0;0;0;0;0;0;0;0;0;0;0;0;"10000[127]; 2000[8];"
ST;M58WR064KT;208810;200010;0;1;0;16;1;0;0;0;0;0;0;0;0;0;0;0;0;"2000[8]; 10000[127];"
ST;M58LW064D;200017;200017;0;10;0;16;1;0;0;1;0;1;0;0;0;0;0;0;0;"20000[64];"
ST;SPC560B40 internal;0;0;1;38;0;32;1;1;0;0;0;0;0;0;0;0;0;0;0;"8000; 4000[2]; 8000[2]; 20000; 4000[4], 800000;"
ST;SPC560B44 internal;0;0;1;38;0;32;1;1;0;0;0;0;0;0;0;0;0;0;0;"8000; 4000[2]; 8000[2]; 20000[2]; 4000[4], 800000;"
ST;SPC560B50 internal;0;0;1;38;0;32;1;1;0;0;0;0;0;0;0;0;0;0;0;"8000; 4000[2]; 8000[2]; 20000[3]; 4000[4], 800000;"
ST;SPC560C40 internal;0;0;1;38;0;32;1;1;0;0;0;0;0;0;0;0;0;0;0;"8000; 4000[2]; 8000[2]; 20000; 4000[4], 800000;"
ST;SPC560C44 internal;0;0;1;38;0;32;1;1;0;0;0;0;0;0;0;0;0;0;0;"8000; 4000[2]; 8000[2]; 20000[2]; 4000[4], 800000;"
ST;SPC560C50 internal;0;0;1;38;0;32;1;1;0;0;0;0;0;0;0;0;0;0;0;"8000; 4000[2]; 8000[2]; 20000[3]; 4000[4], 800000;"
ST;SPC560P40 internal;0;0;1;38;0;32;1;1;0;0;0;0;0;0;0;0;0;0;0;"8000; 4000[2]; 8000[2]; 20000; 4000[4], 800000;"
ST;SPC560P44 internal;0;0;1;38;0;32;1;1;0;0;0;0;0;0;0;0;0;0;0;"8000; 4000[2]; 8000[2]; 20000[2]; 4000[4], 800000;"
ST;SPC560P50 internal;0;0;1;38;0;32;1;1;0;0;0;0;0;0;0;0;0;0;0;"8000; 4000[2]; 8000[2]; 20000[3]; 4000[4], 800000;"
ST;STM32F10xx4 internal;0;0;1;17;0;32;1;1;0;0;0;0;0;0;0;0;0;1;1;"400[16];"
ST;STM32F10xx4 internal optbytes;0;0;1;17;1;32;1;1;0;0;0;0;0;0;0;0;0;1;1;"10; 400[16], 2000000;"
ST;STM32F10xx6 internal;0;0;1;17;0;32;1;1;0;0;0;0;0;0;0;0;0;1;1;"400[32];"
ST;STM32F10xx6 internal optbytes;0;0;1;17;1;32;1;1;0;0;0;0;0;0;0;0;0;1;1;"10; 400[32], 2000000;"
ST;STM32F10xx8 internal;0;0;1;17;0;32;1;1;0;0;0;0;0;0;0;0;0;1;1;"400[64];"
ST;STM32F10xx8 internal optbytes;0;0;1;17;1;32;1;1;0;0;0;0;0;0;0;0;0;1;1;"10; 400[64], 2000000;"
ST;STM32F10xxB internal;0;0;1;17;0;32;1;1;0;0;0;0;0;0;0;0;0;1;1;"400[128];"
ST;STM32F10xxB internal optbytes;0;0;1;17;1;32;1;1;0;0;0;0;0;0;0;0;0;1;1;"10; 400[128], 2000000;"
ST;STM32F10xxC internal;0;0;1;17;0;32;1;1;0;0;0;0;0;0;0;0;0;1;1;"800[128];"
ST;STM32F10xxC internal optbytes;0;0;1;17;1;32;1;1;0;0;0;0;0;0;0;0;0;1;1;"10; 800[128], 2000000;"
ST;STM32F10xxD internal;0;0;1;17;0;32;1;1;0;0;0;0;0;0;0;0;0;1;1;"800[192];"
ST;STM32F10xxD internal optbytes;0;0;1;17;1;32;1;1;0;0;0;0;0;0;0;0;0;1;1;"10; 800[192], 2000000;"
ST;STM32F10xxE internal;0;0;1;17;0;32;1;1;0;0;0;0;0;0;0;0;0;1;1;"800[256];"
ST;STM32F10xxE internal optbytes;0;0;1;17;1;32;1;1;0;0;0;0;0;0;0;0;0;1;1;"10; 800[256], 2000000;"
ST;STM32F10xxF internal;0;0;1;17;2;32;1;1;0;0;0;0;0;0;0;0;0;1;1;"800[384];"
ST;STM32F10xxF internal optbytes;0;0;1;17;3;32;1;1;0;0;0;0;0;0;0;0;0;1;1;"10; 800[384], 2000000;"
ST;STM32F10xxG internal;0;0;1;17;2;32;1;1;0;0;0;0;0;0;0;0;0;1;1;"800[512];"
ST;STM32F10xxG internal optbytes;0;0;1;17;3;32;1;1;0;0;0;0;0;0;0;0;0;1;1;"10; 800[512], 2000000;"
ST;STM32F20xxB internal;0;0;1;37;0;32;1;0;0;0;0;0;0;0;0;0;0;1;1;"4000[4]; 10000;"
ST;STM32F20xxC internal;0;0;1;37;0;32;1;0;0;0;0;0;0;0;0;0;0;1;1;"4000[4]; 10000; 20000[1];"
ST;STM32F20xxE internal;0;0;1;37;0;32;1;0;0;0;0;0;0;0;0;0;0;1;1;"4000[4]; 10000; 20000[3];"
ST;STM32F20xxF internal;0;0;1;37;0;32;1;0;0;0;0;0;0;0;0;0;0;1;1;"4000[4]; 10000; 20000[5];"
ST;STM32F20xxG internal;0;0;1;37;0;32;1;0;0;0;0;0;0;0;0;0;0;1;1;"4000[4]; 10000; 20000[7];"
ST;STM32F405xE internal;0;0;1;37;0;32;1;0;0;0;0;0;0;0;0;0;0;1;1;"4000[4]; 10000; 20000[3];"
ST;STM32F405xG internal;0;0;1;37;0;32;1;0;0;0;0;0;0;0;0;0;0;1;1;"4000[4]; 10000; 20000[7];"
ST;STM32F407xE internal;0;0;1;37;0;32;1;0;0;0;0;0;0;0;0;0;0;1;1;"4000[4]; 10000; 20000[3];"
ST;STM32F407xG internal;0;0;1;37;0;32;1;0;0;0;0;0;0;0;0;0;0;1;1;"4000[4]; 10000; 20000[7];"
ST;STM32F415xE internal;0;0;1;37;0;32;1;0;0;0;0;0;0;0;0;0;0;1;1;"4000[4]; 10000; 20000[3];"
ST;STM32F415xG internal;0;0;1;37;0;32;1;0;0;0;0;0;0;0;0;0;0;1;1;"4000[4]; 10000; 20000[7];"
ST;STM32F417xE internal;0;0;1;37;0;32;1;0;0;0;0;0;0;0;0;0;0;1;1;"4000[4]; 10000; 20000[3];"
ST;STM32F417xG internal;0;0;1;37;0;32;1;0;0;0;0;0;0;0;0;0;0;1;1;"4000[4]; 10000; 20000[7];"
ST;STM32L15xx6 internal;0;0;1;34;0;32;1;0;0;0;0;0;0;0;0;0;0;0;0;"100[128];"
ST;STM32L15xx8 internal;0;0;1;34;0;32;1;0;0;0;0;0;0;0;0;0;0;0;0;"100[256];"
ST;STM32L15xxB internal;0;0;1;34;0;32;1;0;0;0;0;0;0;0;0;0;0;0;0;"100[512];"
ST;STM32W108xB internal;0;0;1;17;4;32;1;1;0;0;0;0;0;0;0;0;0;1;1;"400[128];"
ST;STM32W108xB internal optbytes;0;0;1;17;5;32;1;1;0;0;0;0;0;0;0;0;0;1;1;"10; 400[128], 2000000;"
ST;STR71xFx0 internal;0;0;1;3;0;32;1;0;0;0;0;0;0;0;0;0;0;0;0;"2000[4]; 8000; 2000[2], C0000;"
ST;STR71xFx1 internal;0;0;1;3;0;32;1;0;0;0;0;0;0;0;0;0;0;0;0;"2000[4]; 8000; 10000; 2000[2], C0000;"
ST;STR71xFx2 internal;0;0;1;3;0;32;1;0;0;0;0;0;0;0;0;0;0;0;0;"2000[4]; 8000; 10000[3]; 2000[2], C0000;"
ST;STR73xFx0 internal;0;0;1;3;0;32;1;0;0;0;0;0;0;0;0;0;0;0;0;"2000[4]; 8000;"
ST;STR73xFx1 internal;0;0;1;3;0;32;1;0;0;0;0;0;0;0;0;0;0;0;0;"2000[4]; 8000; 10000;"
ST;STR73xFx2 internal;0;0;1;3;0;32;1;0;0;0;0;0;0;0;0;0;0;0;0;"2000[4]; 8000; 10000[3];"
ST;STR75xFx0 internal;0;0;1;3;0;32;1;0;0;0;0;0;0;0;0;0;0;0;0;"2000[4]; 8000; 2000[2], C0000;"
ST;STR75xFx1 internal;0;0;1;3;0;32;1;0;0;0;0;0;0;0;0;0;0;0;0;"2000[4]; 8000; 10000; 2000[2], C0000;"
ST;STR75xFx2 internal;0;0;1;3;0;32;1;0;0;0;0;0;0;0;0;0;0;0;0;"2000[4]; 8000; 10000[3]; 2000[2], C0000;"
ST;STR91xFx32 internal;0;0;1;13;0;16;1;0;0;0;0;0;0;0;0;0;0;0;0;"10000[4]; 2000[4], 80000;"
ST;STR91xFx32 internal (Bootbank: 1);0;0;1;13;0;16;1;0;0;0;0;0;0;0;0;0;0;0;0;"2000[4]; 10000[4], 80000;"
ST;STR91xFx42 internal;0;0;1;13;0;16;1;0;0;0;0;0;0;0;0;0;0;0;0;"10000[4]; 2000[4], 80000;"
ST;STR91xFx42 internal (Bootbank: 1);0;0;1;13;0;16;1;0;0;0;0;0;0;0;0;0;0;0;0;"2000[4]; 10000[4], 80000;"
ST;STR91xFx44 internal;0;0;1;13;0;16;1;0;0;0;0;0;0;0;0;0;0;0;0;"10000[8]; 2000[4], 80000;"
ST;STR91xFx44 internal (Bootbank: 1);0;0;1;13;0;16;1;0;0;0;0;0;0;0;0;0;0;0;0;"2000[4]; 10000[8], 80000;"
ST;STR91xFx46 internal;0;0;1;13;1;16;1;0;0;0;0;0;0;0;0;0;0;0;0;"10000[16]; 4000[8], 200000;"
ST;STR91xFx46 internal (Bootbank: 1);0;0;1;13;1;16;1;0;0;0;0;0;0;0;0;0;0;0;0;"4000[8]; 10000[16], 200000;"
ST;STR91xFx47 internal;0;0;1;13;1;16;1;0;0;0;0;0;0;0;0;0;0;0;0;"10000[32]; 4000[8], 200000;"
ST;STR91xFx47 internal (Bootbank: 1);0;0;1;13;1;16;1;0;0;0;0;0;0;0;0;0;0;0;0;"4000[8]; 10000[32], 200000;"
TI;RM48L5xx internal;0;0;1;42;0;32;1;0;0;0;0;0;0;0;0;0;0;0;0;"8000[4]; 20000[15];"
TI;RM48L7xx internal;0;0;1;42;0;32;1;0;0;0;0;0;0;0;0;0;0;0;0;"8000[4]; 20000[15];"
TI;RM48L9xx internal;0;0;1;42;0;32;1;0;0;0;0;0;0;0;0;0;0;0;0;"8000[4]; 20000[23];"
TI;TMS470R1A64 internal;0;0;1;9;0;32;1;0;0;0;0;0;0;0;0;0;0;0;0;"1FE0; 2000[1],2000; 4000[3];"
TI;TMS470R1A64 internal (allow keys);0;0;1;9;0;32;1;0;0;0;0;0;0;0;0;0;0;0;0;"2000[2]; 4000[3];"
TI;TMS470R1A128 internal;0;0;1;9;0;32;1;0;0;0;0;0;0;0;0;0;0;0;0;"1FE0; 2000[1],2000; 4000[6]; 2000[2];"
TI;TMS470R1A128 internal (allow keys);0;0;1;9;0;32;1;0;0;0;0;0;0;0;0;0;0;0;0;"2000[2]; 4000[6]; 2000[2];"
TI;TMS470R1A256 internal;0;0;1;9;0;32;1;0;0;0;0;0;0;0;0;0;0;0;0;"1FE0; 2000[3],2000; 8000[6]; 2000[4];"
TI;TMS470R1A256 internal (allow keys);0;0;1;9;0;32;1;0;0;0;0;0;0;0;0;0;0;0;0;"2000[4]; 8000[6]; 2000[4];"
TI;TMS470R1A288 internal;0;0;1;9;2;32;1;0;0;0;0;0;0;0;0;0;0;0;0;"1FE0; 2000[3],2000; 10000[4],40000;"
TI;TMS470R1A288 internal (allow keys);0;0;1;9;2;32;1;0;0;0;0;0;0;0;0;0;0;0;0;"2000[4]; 10000[4],40000;"
TI;TMS470R1A384 internal;0;0;1;9;1;32;1;0;0;0;0;0;0;0;0;0;0;0;0;"1FE0; 2000[1],2000; 4000[6]; 2000[2]; 8000[8];"
TI;TMS470R1A384 internal (allow keys);0;0;1;9;1;32;1;0;0;0;0;0;0;0;0;0;0;0;0;"2000[2]; 4000[6]; 2000[2]; 8000[8];"
TI;TMS470R1B512 internal;0;0;1;9;3;32;1;0;0;0;0;0;0;0;0;0;0;0;0;"3FE0; 4000[1],4000; 8000[6]; 4000[2]; 10000[4];"
TI;TMS470R1B512 internal (allow keys);0;0;1;9;3;32;1;0;0;0;0;0;0;0;0;0;0;0;0;"4000[2]; 8000[6]; 4000[2]; 10000[4];"
TI;TMS470R1B768 internal;0;0;1;9;3;32;1;0;0;0;0;0;0;0;0;0;0;0;0;"3FE0; 4000[1],4000; 8000[6]; 4000[2]; 10000[8];"
TI;TMS470R1B768 internal (allow keys);0;0;1;9;3;32;1;0;0;0;0;0;0;0;0;0;0;0;0;"4000[2]; 8000[6]; 4000[2]; 10000[8];"
TI;TMS470R1B1M internal;0;0;1;9;4;32;1;0;0;0;0;0;0;0;0;0;0;0;0;"FFE0; 10000[15],10000;"
TI;TMS470R1B1M internal (allow keys);0;0;1;9;4;32;1;0;0;0;0;0;0;0;0;0;0;0;0;"10000[16];"
TI;TMS470R1VF288 internal;0;0;1;9;2;32;1;0;0;0;0;0;0;0;0;0;0;0;0;"1FE0; 2000[3],2000; 10000[4],40000;"
TI;TMS470R1VF288 internal (allow keys);0;0;1;9;2;32;1;0;0;0;0;0;0;0;0;0;0;0;0;"2000[4]; 10000[4],40000;"
TI;TMS470R1VF688 internal;0;0;1;9;1;32;1;0;0;0;0;0;0;0;0;0;0;0;0;"1FE0; 2000[1],2000; 4000[6]; 2000[2]; 8000[4];"
TI;TMS470R1VF688 internal (allow keys);0;0;1;9;1;32;1;0;0;0;0;0;0;0;0;0;0;0;0;"2000[2]; 4000[6]; 2000[2]; 8000[4];"
TI;TMS470R1VF689 internal;0;0;1;9;1;32;1;0;0;0;0;0;0;0;0;0;0;0;0;"1FE0; 2000[1],2000; 4000[6]; 2000[2]; 8000[8];"
TI;TMS470R1VF689 internal (allow keys);0;0;1;9;1;32;1;0;0;0;0;0;0;0;0;0;0;0;0;"2000[2]; 4000[6]; 2000[2]; 8000[8];"
TI;TMS570LS101xx internal;0;0;1;43;0;32;1;0;0;0;0;0;0;0;0;0;0;0;0;"8000[3]; 2000[2]; 4000[1]; 10000[2]; 20000[6];"
TI;TMS570LS102xx internal;0;0;1;43;0;32;1;0;0;0;0;0;0;0;0;0;0;0;0;"8000[3]; 2000[2]; 4000[1]; 10000[2]; 20000[6];"
TI;TMS570LS202xx internal;0;0;1;43;0;32;1;0;0;0;0;0;0;0;0;0;0;0;0;"8000[3]; 2000[2]; 4000[1]; 10000[2]; 20000[14];"
TI;TMS570LS21xx internal;0;0;1;42;0;32;1;0;0;0;0;0;0;0;0;0;0;0;0;"8000[4]; 20000[15];"
TI;TMS570LS31xx internal;0;0;1;42;0;32;1;0;0;0;0;0;0;0;0;0;0;0;0;"8000[4]; 20000[23];"
Toshiba;TC58FVB160;980043;980043;0;1;0;16;1;0;0;0;0;0;0;0;0;0;0;0;0;"4000; 2000[2]; 8000; 10000[31];"
Toshiba;TC58FVT160;9800C2;9800C2;0;1;0;16;1;0;0;0;0;0;0;0;0;0;0;0;0;"10000[31]; 8000; 2000[2]; 4000;"
Toshiba;TMPM321F10FG internal;0;0;1;21;4;32;1;1;0;0;0;0;0;0;0;0;0;0;0;"8000[2]; 10000[1]; 20000[7];"
Toshiba;TMPM322F10FG internal;0;0;1;21;4;32;1;1;0;0;0;0;0;0;0;0;0;0;0;"8000[2]; 10000[1]; 20000[7];"
Toshiba;TMPM323F10FG internal;0;0;1;21;4;32;1;1;0;0;0;0;0;0;0;0;0;0;0;"8000[2]; 10000[1]; 20000[7];"
Toshiba;TMPM324F10FG internal;0;0;1;21;4;32;1;1;0;0;0;0;0;0;0;0;0;0;0;"8000[2]; 10000[1]; 20000[7];"
Toshiba;TMPM330FDFG internal;0;0;1;21;0;32;1;1;0;0;0;0;0;0;0;0;0;0;0;"8000[2]; 10000[1]; 20000[3];"
Toshiba;TMPM330FWFG internal;0;0;1;21;1;32;1;1;0;0;0;0;0;0;0;0;0;0;0;"4000[2]; 8000[1]; 10000[1];"
Toshiba;TMPM330FYFG internal;0;0;1;21;0;32;1;1;0;0;0;0;0;0;0;0;0;0;0;"8000[2]; 10000[1]; 20000[1];"
Toshiba;TMPM332FWUG internal;0;0;1;21;1;32;1;1;0;0;0;0;0;0;0;0;0;0;0;"4000[2]; 8000[1]; 10000[1];"
Toshiba;TMPM333FDFG internal;0;0;1;21;0;32;1;1;0;0;0;0;0;0;0;0;0;0;0;"8000[2]; 10000[1]; 20000[3];"
Toshiba;TMPM333FWFG internal;0;0;1;21;1;32;1;1;0;0;0;0;0;0;0;0;0;0;0;"4000[2]; 8000[1]; 10000[1];"
Toshiba;TMPM333FYFG internal;0;0;1;21;0;32;1;1;0;0;0;0;0;0;0;0;0;0;0;"8000[2]; 10000[1]; 20000[1];"
Toshiba;TMPM341FDXBG internal;0;0;1;21;6;32;1;1;0;0;0;0;0;0;0;0;0;0;0;"8000[2]; 10000[1]; 20000[3];"
Toshiba;TMPM341FYXBG internal;0;0;1;21;7;32;1;1;0;0;0;0;0;0;0;0;0;0;0;"4000[2]; 8000[1]; 10000[3];"
Toshiba;TMPM360F20FG internal;0;0;1;21;2;32;1;1;0;0;0;0;0;0;0;0;0;0;0;"8000[2]; 10000[1]; 20000[14]; 10000[1]; 8000[2];"
Toshiba;TMPM361F10FG internal;0;0;1;21;4;32;1;1;0;0;0;0;0;0;0;0;0;0;0;"8000[2]; 10000[1]; 20000[7];"
Toshiba;TMPM362F10FG internal;0;0;1;21;4;32;1;1;0;0;0;0;0;0;0;0;0;0;0;"8000[2]; 10000[1]; 20000[7];"
Toshiba;TMPM363F10FG internal;0;0;1;21;4;32;1;1;0;0;0;0;0;0;0;0;0;0;0;"8000[2]; 10000[1]; 20000[7];"
Toshiba;TMPM364F10FG internal;0;0;1;21;4;32;1;1;0;0;0;0;0;0;0;0;0;0;0;"8000[2]; 10000[1]; 20000[7];"
Toshiba;TMPM366FDFG internal;0;0;1;21;6;32;1;1;0;0;0;0;0;0;0;0;0;0;0;"8000[2]; 10000[1]; 20000[3];"
Toshiba;TMPM366FDXBG internal;0;0;1;21;6;32;1;1;0;0;0;0;0;0;0;0;0;0;0;"8000[2]; 10000[1]; 20000[3];"
Toshiba;TMPM366FWFG internal;0;0;1;21;6;32;1;1;0;0;0;0;0;0;0;0;0;0;0;"8000[2]; 10000[1];"
Toshiba;TMPM366FWXBG internal;0;0;1;21;6;32;1;1;0;0;0;0;0;0;0;0;0;0;0;"8000[2]; 10000[1];"
Toshiba;TMPM366FYFG internal;0;0;1;21;6;32;1;1;0;0;0;0;0;0;0;0;0;0;0;"8000[2]; 10000[1]; 20000[1];"
Toshiba;TMPM366FYXBG internal;0;0;1;21;6;32;1;1;0;0;0;0;0;0;0;0;0;0;0;"8000[2]; 10000[1]; 20000[1];"
Toshiba;TMPM369FDFG internal;0;0;1;21;6;32;1;1;0;0;0;0;0;0;0;0;0;0;0;"8000[2]; 10000[1]; 20000[3];"
Toshiba;TMPM369FYFG internal;0;0;1;21;6;32;1;1;0;0;0;0;0;0;0;0;0;0;0;"8000[2]; 10000[1]; 20000[1];"
Toshiba;TMPM370FYDFG internal;0;0;1;21;3;32;1;1;0;0;0;0;0;0;0;0;0;0;0;"4000[2]; 8000[1]; 10000[3];"
Toshiba;TMPM370FYFG internal;0;0;1;21;3;32;1;1;0;0;0;0;0;0;0;0;0;0;0;"4000[2]; 8000[1]; 10000[3];"
Toshiba;TMPM372FWUG internal;0;0;1;21;3;32;1;1;0;0;0;0;0;0;0;0;0;0;0;"4000[2]; 8000[1]; 10000[1];"
Toshiba;TMPM373FWDUG internal;0;0;1;21;3;32;1;1;0;0;0;0;0;0;0;0;0;0;0;"4000[2]; 8000[1]; 10000[1];"
Toshiba;TMPM374FWUG internal;0;0;1;21;3;32;1;1;0;0;0;0;0;0;0;0;0;0;0;"4000[2]; 8000[1]; 10000[1];"
Toshiba;TMPM380FWDFG internal;0;0;1;21;3;32;1;1;0;0;0;0;0;0;0;0;0;0;0;"4000[2]; 8000[1]; 10000[1];"
Toshiba;TMPM380FWFG internal;0;0;1;21;3;32;1;1;0;0;0;0;0;0;0;0;0;0;0;"4000[2]; 8000[1]; 10000[1];"
Toshiba;TMPM380FYDFG internal;0;0;1;21;3;32;1;1;0;0;0;0;0;0;0;0;0;0;0;"4000[2]; 8000[1]; 10000[3];"
Toshiba;TMPM380FYFG internal;0;0;1;21;3;32;1;1;0;0;0;0;0;0;0;0;0;0;0;"4000[2]; 8000[1]; 10000[3];"
Toshiba;TMPM382FSFG internal;0;0;1;21;3;32;1;1;0;0;0;0;0;0;0;0;0;0;0;"4000[2]; 8000[1];"
Toshiba;TMPM382FWFG internal;0;0;1;21;3;32;1;1;0;0;0;0;0;0;0;0;0;0;0;"4000[2]; 8000[1]; 10000[1];"
Toshiba;TMPM390FWFG internal;0;0;1;21;5;32;1;1;0;0;0;0;0;0;0;0;0;0;0;"8000[4];"
Toshiba;TMPM395FWXBG internal;0;0;1;21;5;32;1;1;0;0;0;0;0;0;0;0;0;0;0;"8000[4];"