Manufacturer;Name;FlashDevice;DeviceFamily;BetaSupport;ExternalBus;Endian;CoreId;BaseAddr;RAMAddr;RAMSize
Analog;AD7160;AD7160 internal;030000FF;0;1;0;2BA01477;0;20000000;1000
Analog;ADuC7020x62;ADuC702xx62 internal;070000FF;0;0;0;3F0F0F0F;80000;10000;2000
Analog;ADuC7021x32;ADuC702xx32 internal;070000FF;0;0;0;3F0F0F0F;80000;10000;1000
Analog;ADuC7021x62;ADuC702xx62 internal;070000FF;0;0;0;3F0F0F0F;80000;10000;2000
Analog;ADuC7022x32;ADuC702xx32 internal;070000FF;0;0;0;3F0F0F0F;80000;10000;1000
Analog;ADuC7022x62;ADuC702xx62 internal;070000FF;0;0;0;3F0F0F0F;80000;10000;2000
Analog;ADuC7024x62;ADuC702xx62 internal;070000FF;0;0;0;3F0F0F0F;80000;10000;2000
Analog;ADuC7025x32;ADuC702xx32 internal;070000FF;0;0;0;3F0F0F0F;80000;10000;1000
Analog;ADuC7025x62;ADuC702xx62 internal;070000FF;0;0;0;3F0F0F0F;80000;10000;2000
Analog;ADuC7026x62;ADuC702xx62 internal;070000FF;0;1;0;3F0F0F0F;80000;10000;2000
Analog;ADuC7027x62;ADuC702xx62 internal;070000FF;0;1;0;3F0F0F0F;80000;10000;2000
Analog;ADuC7028x62;ADuC7028x62 internal;070000FF;0;1;0;3F0F0F0F;80000;10000;2000
Analog;ADuC7030;ADuC7030 internal;070000FF;0;1;0;3F0F0F0F;80000;40000;1000
Analog;ADuC7031;ADuC7031 internal;070000FF;0;1;0;3F0F0F0F;80000;40000;1000
Analog;ADuC7032;ADuC7032 internal;070000FF;0;1;0;3F0F0F0F;80000;40000;1800
Analog;ADuC7033;ADuC7033 internal;070000FF;0;1;0;3F0F0F0F;80000;40000;1800
Analog;ADuC7034;ADuC7034 internal;070000FF;0;1;0;3F0F0F0F;80000;40000;1000
Analog;ADuC7036;ADuC7036 internal;070000FF;0;1;0;3F0F0F0F;80000;40000;1800
Analog;ADuC7038;ADuC7038 internal;070001FF;0;1;0;127E91CB;80000;40000;1000
Analog;ADuC7039;ADuC7039 internal;070001FF;0;1;0;227E91CB;80000;40000;1000
Analog;ADuC7060;ADuC7060 internal;070000FF;0;1;0;3F0F0F0F;80000;40000;1000
Analog;ADuC7061;ADuC7061 internal;070000FF;0;1;0;3F0F0F0F;80000;40000;1000
Analog;ADuC7062;ADuC7062 internal;070000FF;0;1;0;3F0F0F0F;80000;40000;1000
Analog;ADuC7128;ADuC7128 internal;070000FF;0;1;0;3F0F0F0F;80000;40000;2000
Analog;ADuC7129;ADuC7129 internal;070000FF;0;1;0;3F0F0F0F;80000;40000;2000
Analog;ADuC7229x126;ADuC722xx126 internal;070000FF;0;1;0;3F0F0F0F;80000;40000;2000
Analog;ADuCRF02;ADuCRF02 internal;030000FF;0;1;0;2BA01477;0;20000000;2000
Analog;ADuCRF101;ADuCRF101 internal;030000FF;0;1;0;2BA01477;0;20000000;4000
Atmel;AT91SAM3A2C;AT91SAM3A2 internal;030000FF;0;0;0;4BA00477;80000;20000000;4000
Atmel;AT91SAM3A4C;AT91SAM3A4 internal;030000FF;0;0;0;4BA00477;80000;20000000;8000
Atmel;AT91SAM3A8C;AT91SAM3A8 internal;030000FF;0;0;0;4BA00477;80000;20000000;10000
Atmel;AT91SAM3N1A;AT91SAM3N1 internal;030000FF;0;0;0;4BA00477;400000;20000000;2000
Atmel;AT91SAM3N1B;AT91SAM3N1 internal;030000FF;0;0;0;4BA00477;400000;20000000;2000
Atmel;AT91SAM3N1C;AT91SAM3N1 internal;030000FF;0;0;0;4BA00477;400000;20000000;2000
Atmel;AT91SAM3N2A;AT91SAM3N2 internal;030000FF;0;0;0;4BA00477;400000;20000000;4000
Atmel;AT91SAM3N2B;AT91SAM3N2 internal;030000FF;0;0;0;4BA00477;400000;20000000;4000
Atmel;AT91SAM3N2C;AT91SAM3N2 internal;030000FF;0;0;0;4BA00477;400000;20000000;4000
Atmel;AT91SAM3N4A;AT91SAM3N4 internal;030000FF;0;0;0;4BA00477;400000;20000000;6000
Atmel;AT91SAM3N4B;AT91SAM3N4 internal;030000FF;0;0;0;4BA00477;400000;20000000;6000
Atmel;AT91SAM3N4C;AT91SAM3N4 internal;030000FF;0;0;0;4BA00477;400000;20000000;6000
Atmel;AT91SAM3S1A;AT91SAM3S1 internal;030000FF;0;0;0;4BA00477;400000;20000000;4000
Atmel;AT91SAM3S1B;AT91SAM3S1 internal;030000FF;0;0;0;4BA00477;400000;20000000;4000
Atmel;AT91SAM3S1C;AT91SAM3S1 internal;030000FF;0;0;0;4BA00477;400000;20000000;4000
Atmel;AT91SAM3S2A;AT91SAM3S2 internal;030000FF;0;0;0;4BA00477;400000;20000000;8000
Atmel;AT91SAM3S2B;AT91SAM3S2 internal;030000FF;0;0;0;4BA00477;400000;20000000;8000
Atmel;AT91SAM3S2C;AT91SAM3S2 internal;030000FF;0;0;0;4BA00477;400000;20000000;8000
Atmel;AT91SAM3S4A;AT91SAM3S4 internal;030000FF;0;0;0;4BA00477;400000;20000000;C000
Atmel;AT91SAM3S4B;AT91SAM3S4 internal;030000FF;0;0;0;4BA00477;400000;20000000;C000
Atmel;AT91SAM3S4C;AT91SAM3S4 internal;030000FF;0;0;0;4BA00477;400000;20000000;C000
Atmel;AT91SAM3U1C;AT91SAM3U1 internal;030000FF;0;0;0;4BA00477;80000;20000000;2000
Atmel;AT91SAM3U2C;AT91SAM3U2 internal;030000FF;0;0;0;4BA00477;80000;20000000;4000
Atmel;AT91SAM3U4C;AT91SAM3U4 internal;030000FF;0;0;0;4BA00477;80000;20000000;8000
Atmel;AT91SAM3U1E;AT91SAM3U1 internal;030000FF;0;0;0;4BA00477;80000;20000000;2000
Atmel;AT91SAM3U2E;AT91SAM3U2 internal;030000FF;0;0;0;4BA00477;80000;20000000;4000
Atmel;AT91SAM3U4E;AT91SAM3U4 internal;030000FF;0;0;0;4BA00477;80000;20000000;8000
Atmel;AT91SAM3X2C;AT91SAM3X2 internal;030000FF;0;0;0;4BA00477;80000;20000000;4000
Atmel;AT91SAM3X2E;AT91SAM3X2 internal;030000FF;0;0;0;4BA00477;80000;20000000;4000
Atmel;AT91SAM3X2G;AT91SAM3X2 internal;030000FF;0;0;0;4BA00477;80000;20000000;4000
Atmel;AT91SAM3X2H;AT91SAM3X2 internal;030000FF;0;0;0;4BA00477;80000;20000000;4000
Atmel;AT91SAM3X4C;AT91SAM3X4 internal;030000FF;0;0;0;4BA00477;80000;20000000;8000
Atmel;AT91SAM3X4E;AT91SAM3X4 internal;030000FF;0;0;0;4BA00477;80000;20000000;8000
Atmel;AT91SAM3X4G;AT91SAM3X4 internal;030000FF;0;0;0;4BA00477;80000;20000000;8000
Atmel;AT91SAM3X4H;AT91SAM3X4 internal;030000FF;0;0;0;4BA00477;80000;20000000;8000
Atmel;AT91SAM3X8C;AT91SAM3X8 internal;030000FF;0;0;0;4BA00477;80000;20000000;10000
Atmel;AT91SAM3X8E;AT91SAM3X8 internal;030000FF;0;0;0;4BA00477;80000;20000000;10000
Atmel;AT91SAM3X8G;AT91SAM3X8 internal;030000FF;0;0;0;4BA00477;80000;20000000;10000
Atmel;AT91SAM3X8H;AT91SAM3X8 internal;030000FF;0;0;0;4BA00477;80000;20000000;10000
Atmel;AT91SAM7A3;AT91SAM7A3 internal;070000FF;0;0;0;3F0F0F0F;100000;200000;8000
Atmel;AT91SAM7L64;AT91SAM7L64 internal;070000FF;0;0;0;3F0F0F0F;100000;200000;1000
Atmel;AT91SAM7L128;AT91SAM7L128 internal;070000FF;0;0;0;3F0F0F0F;100000;200000;1000
Atmel;AT91SAM7S16;AT91SAM7S16 internal;070000FF;0;0;0;3F0F0F0F;100000;200000;1000
Atmel;AT91SAM7S161;AT91SAM7S161 internal;070000FF;0;0;0;3F0F0F0F;100000;200000;1000
Atmel;AT91SAM7S32;AT91SAM7S32 internal;070000FF;0;0;0;3F0F0F0F;100000;200000;2000
Atmel;AT91SAM7S321;AT91SAM7S321 internal;070000FF;0;0;0;3F0F0F0F;100000;200000;2000
Atmel;AT91SAM7S64;AT91SAM7S64 internal;070000FF;0;0;0;3F0F0F0F;100000;200000;4000
Atmel;AT91SAM7S128;AT91SAM7S128 internal;070000FF;0;0;0;3F0F0F0F;100000;200000;8000
Atmel;AT91SAM7S256;AT91SAM7S256 internal;070000FF;0;0;0;3F0F0F0F;100000;200000;10000
Atmel;AT91SAM7S512;AT91SAM7S512 internal;070000FF;0;0;0;3F0F0F0F;100000;200000;10000
Atmel;AT91SAM7SE32;AT91SAM7SE32 internal;070000FF;0;0;0;3F0F0F0F;100000;200000;2000
Atmel;AT91SAM7SE256;AT91SAM7SE256 internal;070000FF;0;0;0;3F0F0F0F;100000;200000;8000
Atmel;AT91SAM7SE512;AT91SAM7SE512 internal;070000FF;0;0;0;3F0F0F0F;100000;200000;8000
Atmel;AT91SAM7X128;AT91SAM7X128 internal;070000FF;0;0;0;3F0F0F0F;100000;200000;8000
Atmel;AT91SAM7X256;AT91SAM7X256 internal;070000FF;0;0;0;3F0F0F0F;100000;200000;10000
Atmel;AT91SAM7X512;AT91SAM7X512 internal;070000FF;0;0;0;3F0F0F0F;100000;200000;20000
Atmel;AT91SAM7XC128;AT91SAM7XC128 internal;070000FF;0;0;0;3F0F0F0F;100000;200000;8000
Atmel;AT91SAM7XC256;AT91SAM7XC256 internal;070000FF;0;0;0;3F0F0F0F;100000;200000;10000
Atmel;AT91SAM7XC512;AT91SAM7XC512 internal;070000FF;0;0;0;3F0F0F0F;100000;200000;20000
Atmel;AT91SAM9XE128;AT91SAM9XE128 internal;092601FF;0;0;0;0792603F;200000;300000;4000
Atmel;AT91SAM9XE256;AT91SAM9XE256 internal;092601FF;0;0;0;0792603F;200000;300000;8000
Atmel;AT91SAM9XE512;AT91SAM9XE512 internal;092601FF;0;0;0;0792603F;200000;300000;8000
DSPGroup;DA56KLF;DA56KLF internal;096801FF;0;0;0;05968489;0;18000000;10000
Ember;EM351;EM351 internal;030000FF;0;0;0;3BA00477;8000000;20000000;3000
Ember;EM357;EM357 internal;030000FF;0;0;0;3BA00477;8000000;20000000;3000
Energy Micro;EFM32G200F16;EFM32GxxxF16 internal;030000FF;0;0;0;2BA01477;0;10000000;2000
Energy Micro;EFM32G200F32;EFM32GxxxF32 internal;030000FF;0;0;0;2BA01477;0;10000000;2000
Energy Micro;EFM32G200F64;EFM32GxxxF64 internal;030000FF;0;0;0;2BA01477;0;10000000;4000
Energy Micro;EFM32G210F128;EFM32GxxxF128 internal;030000FF;0;0;0;2BA01477;0;10000000;4000
Energy Micro;EFM32G222F32;EFM32GxxxF32 internal;030000FF;0;0;0;2BA01477;0;10000000;2000
Energy Micro;EFM32G222F64;EFM32GxxxF64 internal;030000FF;0;0;0;2BA01477;0;10000000;4000
Energy Micro;EFM32G222F128;EFM32GxxxF128 internal;030000FF;0;0;0;2BA01477;0;10000000;4000
Energy Micro;EFM32G230F32;EFM32GxxxF32 internal;030000FF;0;0;0;2BA01477;0;10000000;2000
Energy Micro;EFM32G230F64;EFM32GxxxF64 internal;030000FF;0;0;0;2BA01477;0;10000000;4000
Energy Micro;EFM32G230F128;EFM32GxxxF128 internal;030000FF;0;0;0;2BA01477;0;10000000;4000
Energy Micro;EFM32G232F16;EFM32GxxxF16 internal;030000FF;0;0;0;2BA01477;0;10000000;2000
Energy Micro;EFM32G232F32;EFM32GxxxF32 internal;030000FF;0;0;0;2BA01477;0;10000000;4000
Energy Micro;EFM32G232F64;EFM32GxxxF64 internal;030000FF;0;0;0;2BA01477;0;10000000;4000
Energy Micro;EFM32G280F32;EFM32GxxxF32 internal;030000FF;0;0;0;2BA01477;0;10000000;2000
Energy Micro;EFM32G280F64;EFM32GxxxF64 internal;030000FF;0;0;0;2BA01477;0;10000000;4000
Energy Micro;EFM32G280F128;EFM32GxxxF128 internal;030000FF;0;0;0;2BA01477;0;10000000;4000
Energy Micro;EFM32G290F32;EFM32GxxxF32 internal;030000FF;0;0;0;2BA01477;0;10000000;2000
Energy Micro;EFM32G290F64;EFM32GxxxF64 internal;030000FF;0;0;0;2BA01477;0;10000000;4000
Energy Micro;EFM32G290F128;EFM32GxxxF128 internal;030000FF;0;0;0;2BA01477;0;10000000;4000
Energy Micro;EFM32G840F32;EFM32GxxxF32 internal;030000FF;0;0;0;2BA01477;0;10000000;2000
Energy Micro;EFM32G840F64;EFM32GxxxF64 internal;030000FF;0;0;0;2BA01477;0;10000000;4000
Energy Micro;EFM32G840F128;EFM32GxxxF128 internal;030000FF;0;0;0;2BA01477;0;10000000;4000
Energy Micro;EFM32G842F32;EFM32GxxxF32 internal;030000FF;0;0;0;2BA01477;0;10000000;2000
Energy Micro;EFM32G842F64;EFM32GxxxF64 internal;030000FF;0;0;0;2BA01477;0;10000000;4000
Energy Micro;EFM32G842F128;EFM32GxxxF128 internal;030000FF;0;0;0;2BA01477;0;10000000;4000
Energy Micro;EFM32G880F32;EFM32GxxxF32 internal;030000FF;0;0;0;2BA01477;0;10000000;2000
Energy Micro;EFM32G880F64;EFM32GxxxF64 internal;030000FF;0;0;0;2BA01477;0;10000000;4000
Energy Micro;EFM32G880F128;EFM32GxxxF128 internal;030000FF;0;0;0;2BA01477;0;10000000;4000
Energy Micro;EFM32G890F32;EFM32GxxxF32 internal;030000FF;0;0;0;2BA01477;0;10000000;2000
Energy Micro;EFM32G890F64;EFM32GxxxF64 internal;030000FF;0;0;0;2BA01477;0;10000000;4000
Energy Micro;EFM32G890F128;EFM32GxxxF128 internal;030000FF;0;0;0;2BA01477;0;10000000;4000
Energy Micro;EFM32TG108F4;EFM32TGxxxF4 internal;030000FF;0;0;0;2BA01477;0;10000000;400
Energy Micro;EFM32TG108F8;EFM32TGxxxF8 internal;030000FF;0;0;0;2BA01477;0;10000000;800
Energy Micro;EFM32TG108F16;EFM32TGxxxF16 internal;030000FF;0;0;0;2BA01477;0;10000000;1000
Energy Micro;EFM32TG108F32;EFM32TGxxxF32 internal;030000FF;0;0;0;2BA01477;0;10000000;1000
Energy Micro;EFM32TG110F4;EFM32TGxxxF4 internal;030000FF;0;0;0;2BA01477;0;10000000;800
Energy Micro;EFM32TG110F8;EFM32TGxxxF8 internal;030000FF;0;0;0;2BA01477;0;10000000;800
Energy Micro;EFM32TG110F16;EFM32TGxxxF16 internal;030000FF;0;0;0;2BA01477;0;10000000;1000
Energy Micro;EFM32TG110F32;EFM32TGxxxF32 internal;030000FF;0;0;0;2BA01477;0;10000000;1000
Energy Micro;EFM32TG210F8;EFM32TGxxxF8 internal;030000FF;0;0;0;2BA01477;0;10000000;800
Energy Micro;EFM32TG210F16;EFM32TGxxxF16 internal;030000FF;0;0;0;2BA01477;0;10000000;1000
Energy Micro;EFM32TG210F32;EFM32TGxxxF32 internal;030000FF;0;0;0;2BA01477;0;10000000;1000
Energy Micro;EFM32TG230F8;EFM32TGxxxF8 internal;030000FF;0;0;0;2BA01477;0;10000000;800
Energy Micro;EFM32TG230F16;EFM32TGxxxF16 internal;030000FF;0;0;0;2BA01477;0;10000000;1000
Energy Micro;EFM32TG230F32;EFM32TGxxxF32 internal;030000FF;0;0;0;2BA01477;0;10000000;1000
Energy Micro;EFM32TG840F8;EFM32TGxxxF8 internal;030000FF;0;0;0;2BA01477;0;10000000;800
Energy Micro;EFM32TG840F16;EFM32TGxxxF16 internal;030000FF;0;0;0;2BA01477;0;10000000;1000
Energy Micro;EFM32TG840F32;EFM32TGxxxF32 internal;030000FF;0;0;0;2BA01477;0;10000000;1000
Freescale;MAC7101;MAC71x1 internal;070001FF;0;0;1;4F1F0F0F;0;40000000;8000
Freescale;MAC7106;MAC71x6 internal;070001FF;0;0;1;4F1F0F0F;0;40000000;C000
Freescale;MAC7111;MAC71x1 internal;070001FF;0;1;1;4F1F0F0F;0;40000000;8000
Freescale;MAC7112;MAC71x2 internal;070001FF;0;0;1;4F1F0F0F;0;40000000;4000
Freescale;MAC7116;MAC71x6 internal;070001FF;0;1;1;4F1F0F0F;0;40000000;C000
Freescale;MAC7121;MAC71x1 internal;070001FF;0;0;1;4F1F0F0F;0;40000000;8000
Freescale;MAC7122;MAC71x2 internal;070001FF;0;0;1;4F1F0F0F;0;40000000;4000
Freescale;MAC7126;MAC71x6 internal;070001FF;0;0;1;4F1F0F0F;0;40000000;C000
Freescale;MAC7131;MAC71x1 internal;070001FF;0;1;1;4F1F0F0F;0;40000000;8000
Freescale;MAC7136;MAC71x6 internal;070001FF;0;1;1;4F1F0F0F;0;40000000;C000
Freescale;MAC7141;MAC71x1 internal;070001FF;0;0;1;4F1F0F0F;0;40000000;8000
Freescale;MAC7142;MAC71x2 internal;070001FF;0;0;1;4F1F0F0F;0;40000000;4000
Freescale;MK10DN32xxx5;MK10DN32xxx5 internal;030000FF;0;0;0;4BA00477;0;1FFFF000;02000
Freescale;MK10DN32xxx5 (allow security);MK10DN32xxx5 internal (allow security);030000FF;0;0;0;4BA00477;0;1FFFF000;02000
Freescale;MK10DN64xxx5;MK10DN64xxx5 internal;030000FF;0;0;0;4BA00477;0;1FFFE000;04000
Freescale;MK10DN64xxx5 (allow security);MK10DN64xxx5 internal (allow security);030000FF;0;0;0;4BA00477;0;1FFFE000;04000
Freescale;MK10DN128xxx5;MK10DN128xxx5 internal;030000FF;0;0;0;4BA00477;0;1FFFE000;04000
Freescale;MK10DN128xxx5 (allow security);MK10DN128xxx5 internal (allow security);030000FF;0;0;0;4BA00477;0;1FFFE000;04000
Freescale;MK10DN512xxx10;MK10DN512xxx10 internal;030000FF;0;0;0;4BA00477;0;1FFF0000;20000
Freescale;MK10DN512xxx10 (allow security);MK10DN512xxx10 internal (allow security);030000FF;0;0;0;4BA00477;0;1FFF0000;20000
Freescale;MK10DX32xxx5;MK10DX32xxx5 internal;030000FF;0;0;0;4BA00477;0;1FFFF000;02000
Freescale;MK10DX32xxx5 (allow security);MK10DX32xxx5 internal (allow security);030000FF;0;0;0;4BA00477;0;1FFFF000;02000
Freescale;MK10DX64xxx5;MK10DX64xxx5 internal;030000FF;0;0;0;4BA00477;0;1FFFE000;04000
Freescale;MK10DX64xxx5 (allow security);MK10DX64xxx5 internal (allow security);030000FF;0;0;0;4BA00477;0;1FFFE000;04000
Freescale;MK10DX64xxx7;MK10DX64xxx7 internal;030000FF;0;0;0;4BA00477;0;1FFFE000;04000
Freescale;MK10DX64xxx7 (allow security);MK10DX64xxx7 internal (allow security);030000FF;0;0;0;4BA00477;0;1FFFE000;04000
Freescale;MK10DX128xxx5;MK10DX128xxx5 internal;030000FF;0;0;0;4BA00477;0;1FFFE000;04000
Freescale;MK10DX128xxx5 (allow security);MK10DX128xxx5 internal (allow security);030000FF;0;0;0;4BA00477;0;1FFFE000;04000
Freescale;MK10DX128xxx7;MK10DX128xxx7 internal;030000FF;0;0;0;4BA00477;0;1FFFC000;08000
Freescale;MK10DX128xxx7 (allow security);MK10DX128xxx7 internal (allow security);030000FF;0;0;0;4BA00477;0;1FFFC000;08000
Freescale;MK10DX128xxx10;MK10DX128xxx10 internal;030000FF;0;0;0;4BA00477;0;1FFFC000;08000
Freescale;MK10DX128xxx10 (allow security);MK10DX128xxx10 internal (allow security);030000FF;0;0;0;4BA00477;0;1FFFC000;08000
Freescale;MK10DX256xxx7;MK10DX256xxx7 internal;030000FF;0;0;0;4BA00477;0;1FFF8000;10000
Freescale;MK10DX256xxx7 (allow security);MK10DX256xxx7 internal (allow security);030000FF;0;0;0;4BA00477;0;1FFF8000;10000
Freescale;MK10DX256xxx10;MK10DX256xxx10 internal;030000FF;0;0;0;4BA00477;0;1FFF8000;10000
Freescale;MK10DX256xxx10 (allow security);MK10DX256xxx10 internal (allow security);030000FF;0;0;0;4BA00477;0;1FFF8000;10000
Freescale;MK10FN1M0xxx12;MK10FN1M0xxx12 internal;030000FF;0;0;0;4BA00477;0;1FFF0000;20000
Freescale;MK10FN1M0xxx12 (allow security);MK10FN1M0xxx12 internal (allow security);030000FF;0;0;0;4BA00477;0;1FFF0000;20000
Freescale;MK10FX512xxx12;MK10FX512xxx12 internal;030000FF;0;0;0;4BA00477;0;1FFF0000;20000
Freescale;MK10FX512xxx12 (allow security);MK10FX512xxx12 internal (allow security);030000FF;0;0;0;4BA00477;0;1FFF0000;20000
Freescale;MK20DN32xxx5;MK20DN32xxx5 internal;030000FF;0;0;0;4BA00477;0;1FFFF000;02000
Freescale;MK20DN32xxx5 (allow security);MK20DN32xxx5 internal (allow security);030000FF;0;0;0;4BA00477;0;1FFFF000;02000
Freescale;MK20DN64xxx5;MK20DN64xxx5 internal;030000FF;0;0;0;4BA00477;0;1FFFE000;04000
Freescale;MK20DN64xxx5 (allow security);MK20DN64xxx5 internal (allow security);030000FF;0;0;0;4BA00477;0;1FFFE000;04000
Freescale;MK20DN128xxx5;MK20DN128xxx5 internal;030000FF;0;0;0;4BA00477;0;1FFFE000;04000
Freescale;MK20DN128xxx5 (allow security);MK20DN128xxx5 internal (allow security);030000FF;0;0;0;4BA00477;0;1FFFE000;04000
Freescale;MK20DN512xxx10;MK20DN512xxx10 internal;030000FF;0;0;0;4BA00477;0;1FFF0000;20000
Freescale;MK20DN512xxx10 (allow security);MK20DN512xxx10 internal (allow security);030000FF;0;0;0;4BA00477;0;1FFF0000;20000
Freescale;MK20DX32xxx5;MK20DX32xxx5 internal;030000FF;0;0;0;4BA00477;0;1FFFF000;02000
Freescale;MK20DX32xxx5 (allow security);MK20DX32xxx5 internal (allow security);030000FF;0;0;0;4BA00477;0;1FFFF000;02000
Freescale;MK20DX64xxx5;MK20DX64xxx5 internal;030000FF;0;0;0;4BA00477;0;1FFFE000;04000
Freescale;MK20DX64xxx5 (allow security);MK20DX64xxx5 internal (allow security);030000FF;0;0;0;4BA00477;0;1FFFE000;04000
Freescale;MK20DX64xxx7;MK20DX64xxx7 internal;030000FF;0;0;0;4BA00477;0;1FFFE000;04000
Freescale;MK20DX64xxx7 (allow security);MK20DX64xxx7 internal (allow security);030000FF;0;0;0;4BA00477;0;1FFFE000;04000
Freescale;MK20DX128xxx5;MK20DX128xxx5 internal;030000FF;0;0;0;4BA00477;0;1FFFE000;04000
Freescale;MK20DX128xxx5 (allow security);MK20DX128xxx5 internal (allow security);030000FF;0;0;0;4BA00477;0;1FFFE000;04000
Freescale;MK20DX128xxx7;MK20DX128xxx7 internal;030000FF;0;0;0;4BA00477;0;1FFFC000;08000
Freescale;MK20DX128xxx7 (allow security);MK20DX128xxx7 internal (allow security);030000FF;0;0;0;4BA00477;0;1FFFC000;08000
Freescale;MK20DX128xxx10;MK20DX128xxx10 internal;030000FF;0;0;0;4BA00477;0;1FFF8000;10000
Freescale;MK20DX128xxx10 (allow security);MK20DX128xxx10 internal (allow security);030000FF;0;0;0;4BA00477;0;1FFF8000;10000
Freescale;MK20DX256xxx7;MK20DX256xxx7 internal;030000FF;0;0;0;4BA00477;0;1FFF8000;10000
Freescale;MK20DX256xxx7 (allow security);MK20DX256xxx7 internal (allow security);030000FF;0;0;0;4BA00477;0;1FFF8000;10000
Freescale;MK20DX256xxx10;MK20DX256xxx10 internal;030000FF;0;0;0;4BA00477;0;1FFF8000;10000
Freescale;MK20DX256xxx10 (allow security);MK20DX256xxx10 internal (allow security);030000FF;0;0;0;4BA00477;0;1FFF8000;10000
Freescale;MK20FN1M0xxx12;MK20FN1M0xxx12 internal;030000FF;0;0;0;4BA00477;0;1FFF0000;20000
Freescale;MK20FN1M0xxx12 (allow security);MK20FN1M0xxx12 internal (allow security);030000FF;0;0;0;4BA00477;0;1FFF0000;20000
Freescale;MK20FX512xxx12;MK20FX512xxx12 internal;030000FF;0;0;0;4BA00477;0;1FFF0000;20000
Freescale;MK20FX512xxx12 (allow security);MK20FX512xxx12 internal (allow security);030000FF;0;0;0;4BA00477;0;1FFF0000;20000
Freescale;MK30DN512xxx10;MK30DN512xxx10 internal;030000FF;0;0;0;4BA00477;0;1FFF0000;20000
Freescale;MK30DN512xxx10 (allow security);MK30DN512xxx10 internal (allow security);030000FF;0;0;0;4BA00477;0;1FFF0000;20000
Freescale;MK30DX64xxx7;MK30DX64xxx7 internal;030000FF;0;0;0;4BA00477;0;1FFFE000;04000
Freescale;MK30DX64xxx7 (allow security);MK30DX64xxx7 internal (allow security);030000FF;0;0;0;4BA00477;0;1FFFE000;04000
Freescale;MK30DX128xxx7;MK30DX128xxx7 internal;030000FF;0;0;0;4BA00477;0;1FFFC000;08000
Freescale;MK30DX128xxx7 (allow security);MK30DX128xxx7 internal (allow security);030000FF;0;0;0;4BA00477;0;1FFFC000;08000
Freescale;MK30DX128xxx10;MK30DX128xxx10 internal;030000FF;0;0;0;4BA00477;0;1FFFC000;08000
Freescale;MK30DX128xxx10 (allow security);MK30DX128xxx10 internal (allow security);030000FF;0;0;0;4BA00477;0;1FFFC000;08000
Freescale;MK30DX256xxx7;MK30DX256xxx7 internal;030000FF;0;0;0;4BA00477;0;1FFF8000;10000
Freescale;MK30DX256xxx7 (allow security);MK30DX256xxx7 internal (allow security);030000FF;0;0;0;4BA00477;0;1FFF8000;10000
Freescale;MK30DX256xxx10;MK30DX256xxx10 internal;030000FF;0;0;0;4BA00477;0;1FFF8000;10000
Freescale;MK30DX256xxx10 (allow security);MK30DX256xxx10 internal (allow security);030000FF;0;0;0;4BA00477;0;1FFF8000;10000
Freescale;MK40DN512xxx10;MK40DN512xxx10 internal;030000FF;0;0;0;4BA00477;0;1FFF0000;20000
Freescale;MK40DN512xxx10 (allow security);MK40DN512xxx10 internal (allow security);030000FF;0;0;0;4BA00477;0;1FFF0000;20000
Freescale;MK40DX64xxx7;MK40DX64xxx7 internal;030000FF;0;0;0;4BA00477;0;1FFFE000;04000
Freescale;MK40DX64xxx7 (allow security);MK40DX64xxx7 internal (allow security);030000FF;0;0;0;4BA00477;0;1FFFE000;04000
Freescale;MK40DX128xxx7;MK40DX128xxx7 internal;030000FF;0;0;0;4BA00477;0;1FFFC000;08000
Freescale;MK40DX128xxx7 (allow security);MK40DX128xxx7 internal (allow security);030000FF;0;0;0;4BA00477;0;1FFFC000;08000
Freescale;MK40DX128xxx10;MK40DX128xxx10 internal;030000FF;0;0;0;4BA00477;0;1FFFC000;08000
Freescale;MK40DX128xxx10 (allow security);MK40DX128xxx10 internal (allow security);030000FF;0;0;0;4BA00477;0;1FFFC000;08000
Freescale;MK40DX256xxx7;MK40DX256xxx7 internal;030000FF;0;0;0;4BA00477;0;1FFF8000;10000
Freescale;MK40DX256xxx7 (allow security);MK40DX256xxx7 internal (allow security);030000FF;0;0;0;4BA00477;0;1FFF8000;10000
Freescale;MK40DX256xxx10;MK40DX256xxx10 internal;030000FF;0;0;0;4BA00477;0;1FFF8000;10000
Freescale;MK40DX256xxx10 (allow security);MK40DX256xxx10 internal (allow security);030000FF;0;0;0;4BA00477;0;1FFF8000;10000
Freescale;MK50DN512xxx10;MK50DN512xxx10 internal;030000FF;0;0;0;4BA00477;0;1FFF0000;20000
Freescale;MK50DN512xxx10 (allow security);MK50DN512xxx10 internal (allow security);030000FF;0;0;0;4BA00477;0;1FFF0000;20000
Freescale;MK50DX128xxx7;MK50DX128xxx7 internal;030000FF;0;0;0;4BA00477;0;1FFFC000;08000
Freescale;MK50DX128xxx7 (allow security);MK50DX128xxx7 internal (allow security);030000FF;0;0;0;4BA00477;0;1FFFC000;08000
Freescale;MK50DX256xxx7;MK50DX256xxx7 internal;030000FF;0;0;0;4BA00477;0;1FFF8000;10000
Freescale;MK50DX256xxx7 (allow security);MK50DX256xxx7 internal (allow security);030000FF;0;0;0;4BA00477;0;1FFF8000;10000
Freescale;MK50DX256xxx10;MK50DX256xxx10 internal;030000FF;0;0;0;4BA00477;0;1FFF8000;10000
Freescale;MK50DX256xxx10 (allow security);MK50DX256xxx10 internal (allow security);030000FF;0;0;0;4BA00477;0;1FFF8000;10000
Freescale;MK51DN256xxx10;MK51DN256xxx10 internal;030000FF;0;0;0;4BA00477;0;1FFF8000;10000
Freescale;MK51DN256xxx10 (allow security);MK51DN256xxx10 internal (allow security);030000FF;0;0;0;4BA00477;0;1FFF8000;10000
Freescale;MK51DN512xxx10;MK51DN512xxx10 internal;030000FF;0;0;0;4BA00477;0;1FFF0000;20000
Freescale;MK51DN512xxx10 (allow security);MK51DN512xxx10 internal (allow security);030000FF;0;0;0;4BA00477;0;1FFF0000;20000
Freescale;MK51DX128xxx7;MK51DX128xxx7 internal;030000FF;0;0;0;4BA00477;0;1FFFC000;08000
Freescale;MK51DX128xxx7 (allow security);MK51DX128xxx7 internal (allow security);030000FF;0;0;0;4BA00477;0;1FFFC000;08000
Freescale;MK51DX256xxx7;MK51DX256xxx7 internal;030000FF;0;0;0;4BA00477;0;1FFF8000;10000
Freescale;MK51DX256xxx7 (allow security);MK51DX256xxx7 internal (allow security);030000FF;0;0;0;4BA00477;0;1FFF8000;10000
Freescale;MK51DX256xxx10;MK51DX256xxx10 internal;030000FF;0;0;0;4BA00477;0;1FFF8000;10000
Freescale;MK51DX256xxx10 (allow security);MK51DX256xxx10 internal (allow security);030000FF;0;0;0;4BA00477;0;1FFF8000;10000
Freescale;MK52DN512xxx10;MK52DN512xxx10 internal;030000FF;0;0;0;4BA00477;0;1FFF0000;20000
Freescale;MK52DN512xxx10 (allow security);MK52DN512xxx10 internal (allow security);030000FF;0;0;0;4BA00477;0;1FFF0000;20000
Freescale;MK53DN512xxx10;MK53DN512xxx10 internal;030000FF;0;0;0;4BA00477;0;1FFF0000;20000
Freescale;MK53DN512xxx10 (allow security);MK53DN512xxx10 internal (allow security);030000FF;0;0;0;4BA00477;0;1FFF0000;20000
Freescale;MK53DX256xxx10;MK53DX256xxx10 internal;030000FF;0;0;0;4BA00477;0;1FFF8000;10000
Freescale;MK53DX256xxx10 (allow security);MK53DX256xxx10 internal (allow security);030000FF;0;0;0;4BA00477;0;1FFF8000;10000
Freescale;MK60DN256xxx10;MK60DN256xxx10 internal;030000FF;0;0;0;4BA00477;0;1FFF8000;10000
Freescale;MK60DN256xxx10 (allow security);MK60DN256xxx10 internal (allow security);030000FF;0;0;0;4BA00477;0;1FFF8000;10000
Freescale;MK60DN512xxx10;MK60DN512xxx10 internal;030000FF;0;0;0;4BA00477;0;1FFF0000;20000
Freescale;MK60DN512xxx10 (allow security);MK60DN512xxx10 internal (allow security);030000FF;0;0;0;4BA00477;0;1FFF0000;20000
Freescale;MK60DX256xxx10;MK60DX256xxx10 internal;030000FF;0;0;0;4BA00477;0;1FFF8000;10000
Freescale;MK60DX256xxx10 (allow security);MK60DX256xxx10 internal (allow security);030000FF;0;0;0;4BA00477;0;1FFF8000;10000
Freescale;MK60FN1M0xxx12;MK60FN1M0xxx12 internal;030000FF;0;0;0;4BA00477;0;1FFF0000;20000
Freescale;MK60FN1M0xxx12 (allow security);MK60FN1M0xxx12 internal (allow security);030000FF;0;0;0;4BA00477;0;1FFF0000;20000
Freescale;MK60FN1M0xxx15;MK60FN1M0xxx15 internal;030000FF;0;0;0;4BA00477;0;1FFF0000;20000
Freescale;MK60FN1M0xxx15 (allow security);MK60FN1M0xxx15 internal (allow security);030000FF;0;0;0;4BA00477;0;1FFF0000;20000
Freescale;MK60FX512xxx12;MK60FX512xxx12 internal;030000FF;0;0;0;4BA00477;0;1FFF0000;20000
Freescale;MK60FX512xxx12 (allow security);MK60FX512xxx12 internal (allow security);030000FF;0;0;0;4BA00477;0;1FFF0000;20000
Freescale;MK60FX512xxx15;MK60FX512xxx15 internal;030000FF;0;0;0;4BA00477;0;1FFF0000;20000
Freescale;MK60FX512xxx15 (allow security);MK60FX512xxx15 internal (allow security);030000FF;0;0;0;4BA00477;0;1FFF0000;20000
Freescale;MK61FN1M0xxx12;MK61FN1M0xxx12 internal;030000FF;0;0;0;4BA00477;0;1FFF0000;20000
Freescale;MK61FN1M0xxx12 (allow security);MK61FN1M0xxx12 internal (allow security);030000FF;0;0;0;4BA00477;0;1FFF0000;20000
Freescale;MK61FN1M0xxx15;MK61FN1M0xxx15 internal;030000FF;0;0;0;4BA00477;0;1FFF0000;20000
Freescale;MK61FN1M0xxx15 (allow security);MK61FN1M0xxx15 internal (allow security);030000FF;0;0;0;4BA00477;0;1FFF0000;20000
Freescale;MK61FX512xxx12;MK61FX512xxx12 internal;030000FF;0;0;0;4BA00477;0;1FFF0000;20000
Freescale;MK61FX512xxx12 (allow security);MK61FX512xxx12 internal (allow security);030000FF;0;0;0;4BA00477;0;1FFF0000;20000
Freescale;MK61FX512xxx15;MK61FX512xxx15 internal;030000FF;0;0;0;4BA00477;0;1FFF0000;20000
Freescale;MK61FX512xxx15 (allow security);MK61FX512xxx15 internal (allow security);030000FF;0;0;0;4BA00477;0;1FFF0000;20000
Freescale;MK70FN1M0xxx12;MK70FN1M0xxx12 internal;030000FF;0;0;0;4BA00477;0;1FFF0000;20000
Freescale;MK70FN1M0xxx12 (allow security);MK70FN1M0xxx12 internal (allow security);030000FF;0;0;0;4BA00477;0;1FFF0000;20000
Freescale;MK70FN1M0xxx15;MK70FN1M0xxx15 internal;030000FF;0;0;0;4BA00477;0;1FFF0000;20000
Freescale;MK70FN1M0xxx15 (allow security);MK70FN1M0xxx15 internal (allow security);030000FF;0;0;0;4BA00477;0;1FFF0000;20000
Freescale;MK70FX512xxx12;MK70FX512xxx12 internal;030000FF;0;0;0;4BA00477;0;1FFF0000;20000
Freescale;MK70FX512xxx12 (allow security);MK70FX512xxx12 internal (allow security);030000FF;0;0;0;4BA00477;0;1FFF0000;20000
Freescale;MK70FX512xxx15;MK70FX512xxx15 internal;030000FF;0;0;0;4BA00477;0;1FFF0000;20000
Freescale;MK70FX512xxx15 (allow security);MK70FX512xxx15 internal (allow security);030000FF;0;0;0;4BA00477;0;1FFF0000;20000
Fujitsu;MB9AF102N;MB9xFx02 internal;030000FF;0;0;0;4BA00477;0;20000000;4000
Fujitsu;MB9AF102R;MB9xFx02 internal;030000FF;0;0;0;4BA00477;0;20000000;4000
Fujitsu;MB9AF104N;MB9xFx04 internal;030000FF;0;0;0;4BA00477;0;20000000;4000
Fujitsu;MB9AF104R;MB9xFx04 internal;030000FF;0;0;0;4BA00477;0;20000000;4000
Fujitsu;MB9AF111L;MB9xFx11 internal;030000FF;0;0;0;4BA00477;0;1FFFE000;4000
Fujitsu;MB9AF111M;MB9xFx11 internal;030000FF;0;0;0;4BA00477;0;1FFFE000;4000
Fujitsu;MB9AF111N;MB9xFx11 internal;030000FF;0;0;0;4BA00477;0;1FFFE000;4000
Fujitsu;MB9AF112L;MB9xFx12 internal;030000FF;0;0;0;4BA00477;0;1FFFE000;4000
Fujitsu;MB9AF112M;MB9xFx12 internal;030000FF;0;0;0;4BA00477;0;1FFFE000;4000
Fujitsu;MB9AF112N;MB9xFx12 internal;030000FF;0;0;0;4BA00477;0;1FFFE000;4000
Fujitsu;MB9AF114L;MB9xFx14 internal;030000FF;0;0;0;4BA00477;0;1FFFC000;8000
Fujitsu;MB9AF114M;MB9xFx14 internal;030000FF;0;0;0;4BA00477;0;1FFFC000;8000
Fujitsu;MB9AF114N;MB9xFx14 internal;030000FF;0;0;0;4BA00477;0;1FFFC000;8000
Fujitsu;MB9AF115M;MB9xFx15 internal;030000FF;0;0;0;4BA00477;0;1FFFC000;8000
Fujitsu;MB9AF115N;MB9xFx15 internal;030000FF;0;0;0;4BA00477;0;1FFFC000;8000
Fujitsu;MB9AF116M;MB9xFx16 internal;030000FF;0;0;0;4BA00477;0;1FFFC000;8000
Fujitsu;MB9AF116N;MB9xFx16 internal;030000FF;0;0;0;4BA00477;0;1FFFC000;8000
Fujitsu;MB9AF311L;MB9xFx11 internal;030000FF;0;0;0;4BA00477;0;1FFFE000;4000
Fujitsu;MB9AF311M;MB9xFx11 internal;030000FF;0;0;0;4BA00477;0;1FFFE000;4000
Fujitsu;MB9AF311N;MB9xFx11 internal;030000FF;0;0;0;4BA00477;0;1FFFE000;4000
Fujitsu;MB9AF312L;MB9xFx12 internal;030000FF;0;0;0;4BA00477;0;1FFFE000;4000
Fujitsu;MB9AF312M;MB9xFx12 internal;030000FF;0;0;0;4BA00477;0;1FFFE000;4000
Fujitsu;MB9AF312N;MB9xFx12 internal;030000FF;0;0;0;4BA00477;0;1FFFE000;4000
Fujitsu;MB9AF314L;MB9xFx14 internal;030000FF;0;0;0;4BA00477;0;1FFFC000;8000
Fujitsu;MB9AF314M;MB9xFx14 internal;030000FF;0;0;0;4BA00477;0;1FFFC000;8000
Fujitsu;MB9AF314N;MB9xFx14 internal;030000FF;0;0;0;4BA00477;0;1FFFC000;8000
Fujitsu;MB9AF315M;MB9xFx15 internal;030000FF;0;0;0;4BA00477;0;1FFFC000;8000
Fujitsu;MB9AF315N;MB9xFx15 internal;030000FF;0;0;0;4BA00477;0;1FFFC000;8000
Fujitsu;MB9AF316M;MB9xFx16 internal;030000FF;0;0;0;4BA00477;0;1FFFC000;8000
Fujitsu;MB9AF316N;MB9xFx16 internal;030000FF;0;0;0;4BA00477;0;1FFFC000;8000
Fujitsu;MB9BF104N;MB9xFx04 internal;030000FF;0;0;0;4BA00477;0;20000000;4000
Fujitsu;MB9BF104R;MB9xFx04 internal;030000FF;0;0;0;4BA00477;0;20000000;4000
Fujitsu;MB9BF105N;MB9xFx05 internal;030000FF;0;0;0;4BA00477;0;20000000;4000
Fujitsu;MB9BF105R;MB9xFx05 internal;030000FF;0;0;0;4BA00477;0;20000000;4000
Fujitsu;MB9BF106N;MB9xFx06 internal;030000FF;0;0;0;4BA00477;0;20000000;4000
Fujitsu;MB9BF106R;MB9xFx06 internal;030000FF;0;0;0;4BA00477;0;20000000;4000
Fujitsu;MB9BF304N;MB9xFx04 internal;030000FF;0;0;0;4BA00477;0;20000000;4000
Fujitsu;MB9BF304R;MB9xFx04 internal;030000FF;0;0;0;4BA00477;0;20000000;4000
Fujitsu;MB9BF305N;MB9xFx05 internal;030000FF;0;0;0;4BA00477;0;20000000;4000
Fujitsu;MB9BF305R;MB9xFx05 internal;030000FF;0;0;0;4BA00477;0;20000000;4000
Fujitsu;MB9BF306N;MB9xFx06 internal;030000FF;0;0;0;4BA00477;0;20000000;4000
Fujitsu;MB9BF306R;MB9xFx06 internal;030000FF;0;0;0;4BA00477;0;20000000;4000
Fujitsu;MB9BF404N;MB9xFx04 internal;030000FF;0;0;0;4BA00477;0;20000000;4000
Fujitsu;MB9BF404R;MB9xFx04 internal;030000FF;0;0;0;4BA00477;0;20000000;4000
Fujitsu;MB9BF405N;MB9xFx05 internal;030000FF;0;0;0;4BA00477;0;20000000;4000
Fujitsu;MB9BF405R;MB9xFx05 internal;030000FF;0;0;0;4BA00477;0;20000000;4000
Fujitsu;MB9BF406N;MB9xFx06 internal;030000FF;0;0;0;4BA00477;0;20000000;4000
Fujitsu;MB9BF406R;MB9xFx06 internal;030000FF;0;0;0;4BA00477;0;20000000;4000
Fujitsu;MB9BF504N;MB9xFx04 internal;030000FF;0;0;0;4BA00477;0;20000000;4000
Fujitsu;MB9BF504R;MB9xFx04 internal;030000FF;0;0;0;4BA00477;0;20000000;4000
Fujitsu;MB9BF505N;MB9xFx05 internal;030000FF;0;0;0;4BA00477;0;20000000;4000
Fujitsu;MB9BF505R;MB9xFx05 internal;030000FF;0;0;0;4BA00477;0;20000000;4000
Fujitsu;MB9BF506N;MB9xFx06 internal;030000FF;0;0;0;4BA00477;0;20000000;4000
Fujitsu;MB9BF506R;MB9xFx06 internal;030000FF;0;0;0;4BA00477;0;20000000;4000
GD;GD32F130x4;GD32F1x0x4 internal;030000FF;0;1;0;4BA00477;8000000;20000000;1000
GD;GD32F130x6;GD32F1x0x6 internal;030000FF;0;1;0;4BA00477;8000000;20000000;1800
GD;GD32F130x8;GD32F1x0x8 internal;030000FF;0;1;0;4BA00477;8000000;20000000;2000
GD;GD32F150x4;GD32F1x0x4 internal;030000FF;0;1;0;4BA00477;8000000;20000000;1000
GD;GD32F150x6;GD32F1x0x6 internal;030000FF;0;1;0;4BA00477;8000000;20000000;1800
GD;GD32F150x8;GD32F1x0x8 internal;030000FF;0;1;0;4BA00477;8000000;20000000;2000
GD;GD32F103x4;GD32F10xx4 internal;030000FF;0;1;0;4BA00477;8000000;20000000;1800
GD;GD32F103x6;GD32F10xx6 internal;030000FF;0;1;0;4BA00477;8000000;20000000;2800
GD;GD32F103x8;GD32F10xx8 internal;030000FF;0;1;0;4BA00477;8000000;20000000;5000
GD;GD32F103xB;GD32F10xxB internal;030000FF;0;1;0;4BA00477;8000000;20000000;5000
GD;GD32F103xC;GD32F10xxC internal;030000FF;0;1;0;4BA00477;8000000;20000000;c000
GD;GD32F103xD;GD32F10xxD internal;030000FF;0;1;0;4BA00477;8000000;20000000;10000
GD;GD32F103xE;GD32F10xxE internal;030000FF;0;1;0;4BA00477;8000000;20000000;10000
GD;GD32F103xF;GD32F10xxF internal;030000FF;0;1;0;4BA00477;8000000;20000000;18000
GD;GD32F103xG;GD32F10xxG internal;030000FF;0;1;0;4BA00477;8000000;20000000;18000
GD;GD32F103xI;GD32F10xxI internal;030000FF;0;1;0;4BA00477;8000000;20000000;18000
GD;GD32F103xK;GD32F10xxK internal;030000FF;0;1;0;4BA00477;8000000;20000000;18000
Infineon;XMC4500;XMC4500 internal;030000FF;0;0;0;4BA00477;0C000000;10000000;10000
Infineon;XMC4502;XMC4502 internal;030000FF;0;0;0;4BA00477;0C000000;10000000;10000
Infineon;XMC4504;XMC4504 internal;030000FF;0;0;0;4BA00477;0C000000;10000000;10000
Itron;TRIFECTA;TRIFECTA internal;030000FF;0;0;0;4BA00477;100000;20000000;8000
Itron;TRIFECTA (Allow info blocks);TRIFECTA internal (Allow info blocks);030000FF;0;0;0;4BA00477;100000;20000000;8000
Luminary;LM3S101;LM3S101 internal;030000FF;0;0;0;2BA00477;0000000;20000000;800
Luminary;LM3S102;LM3S102 internal;030000FF;0;0;0;2BA00477;0000000;20000000;800
Luminary;LM3S301;LM3S301 internal;030000FF;0;0;0;2BA00477;0000000;20000000;800
Luminary;LM3S308;LM3S308 internal;030000FF;0;0;0;2BA00477;0000000;20000000;1000
Luminary;LM3S310;LM3S310 internal;030000FF;0;0;0;2BA00477;0000000;20000000;1000
Luminary;LM3S315;LM3S315 internal;030000FF;0;0;0;2BA00477;0000000;20000000;1000
Luminary;LM3S316;LM3S316 internal;030000FF;0;0;0;2BA00477;0000000;20000000;1000
Luminary;LM3S317;LM3S317 internal;030000FF;0;0;0;2BA00477;0000000;20000000;1000
Luminary;LM3S328;LM3S328 internal;030000FF;0;0;0;2BA00477;0000000;20000000;1000
Luminary;LM3S601;LM3S601 internal;030000FF;0;0;0;2BA00477;0000000;20000000;2000
Luminary;LM3S610;LM3S610 internal;030000FF;0;0;0;2BA00477;0000000;20000000;2000
Luminary;LM3S611;LM3S611 internal;030000FF;0;0;0;2BA00477;0000000;20000000;2000
Luminary;LM3S612;LM3S612 internal;030000FF;0;0;0;2BA00477;0000000;20000000;2000
Luminary;LM3S613;LM3S613 internal;030000FF;0;0;0;2BA00477;0000000;20000000;2000
Luminary;LM3S615;LM3S615 internal;030000FF;0;0;0;2BA00477;0000000;20000000;2000
Luminary;LM3S617;LM3S617 internal;030000FF;0;0;0;2BA00477;0000000;20000000;2000
Luminary;LM3S618;LM3S618 internal;030000FF;0;0;0;2BA00477;0000000;20000000;2000
Luminary;LM3S628;LM3S628 internal;030000FF;0;0;0;2BA00477;0000000;20000000;2000
Luminary;LM3S800;LM3S800 internal;030000FF;0;0;0;2BA00477;0000000;20000000;2000
Luminary;LM3S801;LM3S801 internal;030000FF;0;0;0;2BA00477;0000000;20000000;2000
Luminary;LM3S811;LM3S811 internal;030000FF;0;0;0;2BA00477;0000000;20000000;2000
Luminary;LM3S812;LM3S812 internal;030000FF;0;0;0;2BA00477;0000000;20000000;2000
Luminary;LM3S815;LM3S815 internal;030000FF;0;0;0;2BA00477;0000000;20000000;2000
Luminary;LM3S817;LM3S817 internal;030000FF;0;0;0;2BA00477;0000000;20000000;2000
Luminary;LM3S818;LM3S818 internal;030000FF;0;0;0;2BA00477;0000000;20000000;2000
Luminary;LM3S828;LM3S828 internal;030000FF;0;0;0;2BA00477;0000000;20000000;2000
Luminary;LM3S1621;LM3S1621 internal;030000FF;0;0;0;2BA00477;0000000;20000000;8000
Luminary;LM3S1751;LM3S1751 internal;030000FF;0;0;0;2BA00477;0000000;20000000;10000
Luminary;LM3S1911;LM3S1911 internal;030000FF;0;0;0;3BA00477;0000000;20000000;10000
Luminary;LM3S1918;LM3S1918 internal;030000FF;0;0;0;3BA00477;0000000;20000000;10000
Luminary;LM3S1937;LM3S1937 internal;030000FF;0;0;0;3BA00477;0000000;20000000;10000
Luminary;LM3S1958;LM3S1958 internal;030000FF;0;0;0;3BA00477;0000000;20000000;10000
Luminary;LM3S1960;LM3S1960 internal;030000FF;0;0;0;3BA00477;0000000;20000000;10000
Luminary;LM3S1968;LM3S1968 internal;030000FF;0;0;0;3BA00477;0000000;20000000;10000
Luminary;LM3S1969;LM3S1969 internal;030000FF;0;0;0;3BA00477;0000000;20000000;10000
Luminary;LM3S1D21;LM3S1D21 internal;030000FF;0;0;0;3BA00477;0000000;20000000;18000
Luminary;LM3S2110;LM3S2110 internal;030000FF;0;0;0;2BA00477;0000000;20000000;4000
Luminary;LM3S2139;LM3S2139 internal;030000FF;0;0;0;2BA00477;0000000;20000000;4000
Luminary;LM3S2410;LM3S2410 internal;030000FF;0;0;0;2BA00477;0000000;20000000;8000
Luminary;LM3S2412;LM3S2412 internal;030000FF;0;0;0;2BA00477;0000000;20000000;8000
Luminary;LM3S2432;LM3S2432 internal;030000FF;0;0;0;2BA00477;0000000;20000000;8000
Luminary;LM3S2533;LM3S2533 internal;030000FF;0;0;0;2BA00477;0000000;20000000;10000
Luminary;LM3S2601;LM3S2601 internal;030000FF;0;0;0;2BA00477;0000000;20000000;8000
Luminary;LM3S2620;LM3S2620 internal;030000FF;0;0;0;2BA00477;0000000;20000000;8000
Luminary;LM3S2637;LM3S2637 internal;030000FF;0;0;0;2BA00477;0000000;20000000;8000
Luminary;LM3S2651;LM3S2651 internal;030000FF;0;0;0;2BA00477;0000000;20000000;8000
Luminary;LM3S2730;LM3S2730 internal;030000FF;0;0;0;2BA00477;0000000;20000000;10000
Luminary;LM3S2739;LM3S2739 internal;030000FF;0;0;0;2BA00477;0000000;20000000;10000
Luminary;LM3S2939;LM3S2939 internal;030000FF;0;0;0;2BA00477;0000000;20000000;10000
Luminary;LM3S2948;LM3S2948 internal;030000FF;0;0;0;2BA00477;0000000;20000000;10000
Luminary;LM3S2950;LM3S2950 internal;030000FF;0;0;0;2BA00477;0000000;20000000;10000
Luminary;LM3S2965;LM3S2965 internal;030000FF;0;0;0;2BA00477;0000000;20000000;10000
Luminary;LM3S2B93;LM3S2B93 internal;030000FF;0;0;0;2BA00477;0000000;20000000;18000
Luminary;LM3S3739;LM3S3739 internal;030000FF;0;0;0;3BA00477;0000000;20000000;10000
Luminary;LM3S3748;LM3S3748 internal;030000FF;0;0;0;3BA00477;0000000;20000000;10000
Luminary;LM3S3749;LM3S3749 internal;030000FF;0;0;0;3BA00477;0000000;20000000;10000
Luminary;LM3S3826;LM3S3826 internal;030000FF;0;0;0;3BA00477;0000000;20000000;8000
Luminary;LM3S3J26;LM3S3J26 internal;030000FF;0;0;0;3BA00477;0000000;20000000;5000
Luminary;LM3S3N26;LM3S3N26 internal;030000FF;0;0;0;3BA00477;0000000;20000000;3000
Luminary;LM3S3W26;LM3S3W26 internal;030000FF;0;0;0;3BA00477;0000000;20000000;2000
Luminary;LM3S3Z26;LM3S3Z26 internal;030000FF;0;0;0;3BA00477;0000000;20000000;1800
Luminary;LM3S5632;LM3S5632 internal;030000FF;0;0;0;3BA00477;0000000;20000000;8000
Luminary;LM3S5732;LM3S5732 internal;030000FF;0;0;0;2BA00477;0000000;20000000;10000
Luminary;LM3S5951;LM3S5951 internal;030000FF;0;0;0;2BA00477;0000000;20000000;10000
Luminary;LM3S5B91;LM3S5B91 internal;030000FF;0;0;0;4BA00477;0000000;20000000;18000
Luminary;LM3S5R36;LM3S5R36 internal;030000FF;0;0;0;2BA00477;0000000;20000000;C000
Luminary;LM3S6100;LM3S6100 internal;030000FF;0;0;0;2BA00477;0000000;20000000;4000
Luminary;LM3S6110;LM3S6110 internal;030000FF;0;0;0;2BA00477;0000000;20000000;4000
Luminary;LM3S6420;LM3S6420 internal;030000FF;0;0;0;2BA00477;0000000;20000000;8000
Luminary;LM3S6422;LM3S6422 internal;030000FF;0;0;0;2BA00477;0000000;20000000;8000
Luminary;LM3S6432;LM3S6432 internal;030000FF;0;0;0;2BA00477;0000000;20000000;8000
Luminary;LM3S6610;LM3S6610 internal;030000FF;0;0;0;2BA00477;0000000;20000000;8000
Luminary;LM3S6633;LM3S6633 internal;030000FF;0;0;0;2BA00477;0000000;20000000;8000
Luminary;LM3S6637;LM3S6637 internal;030000FF;0;0;0;2BA00477;0000000;20000000;8000
Luminary;LM3S6730;LM3S6730 internal;030000FF;0;0;0;2BA00477;0000000;20000000;10000
Luminary;LM3S6911;LM3S6911 internal;030000FF;0;0;0;2BA00477;0000000;20000000;10000
Luminary;LM3S6918;LM3S6918 internal;030000FF;0;0;0;2BA00477;0000000;20000000;10000
Luminary;LM3S6938;LM3S6938 internal;030000FF;0;0;0;2BA00477;0000000;20000000;10000
Luminary;LM3S6952;LM3S6952 internal;030000FF;0;0;0;2BA00477;0000000;20000000;10000
Luminary;LM3S6965;LM3S6965 internal;030000FF;0;0;0;2BA00477;0000000;20000000;10000
Luminary;LM3S8530;LM3S8530 internal;030000FF;0;0;0;3BA00477;0000000;20000000;10000
Luminary;LM3S8538;LM3S8538 internal;030000FF;0;0;0;3BA00477;0000000;20000000;10000
Luminary;LM3S8630;LM3S8630 internal;030000FF;0;0;0;3BA00477;0000000;20000000;8000
Luminary;LM3S8730;LM3S8730 internal;030000FF;0;0;0;3BA00477;0000000;20000000;10000
Luminary;LM3S8733;LM3S8733 internal;030000FF;0;0;0;3BA00477;0000000;20000000;10000
Luminary;LM3S8738;LM3S8738 internal;030000FF;0;0;0;3BA00477;0000000;20000000;10000
Luminary;LM3S8930;LM3S8930 internal;030000FF;0;0;0;3BA00477;0000000;20000000;10000
Luminary;LM3S8933;LM3S8933 internal;030000FF;0;0;0;3BA00477;0000000;20000000;10000
Luminary;LM3S8938;LM3S8938 internal;030000FF;0;0;0;3BA00477;0000000;20000000;10000
Luminary;LM3S8962;LM3S8962 internal;030000FF;0;0;0;3BA00477;0000000;20000000;10000
Luminary;LM3S8970;LM3S8970 internal;030000FF;0;0;0;3BA00477;0000000;20000000;10000
Luminary;LM3S8971;LM3S8971 internal;030000FF;0;0;0;3BA00477;0000000;20000000;10000
Luminary;LM3S9790;LM3S9790 internal;030000FF;0;0;0;3BA00477;0000000;20000000;10000
Luminary;LM3S9792;LM3S9792 internal;030000FF;0;0;0;3BA00477;0000000;20000000;10000
Luminary;LM3S9997;LM3S9997 internal;030000FF;0;0;0;3BA00477;0000000;20000000;10000
Luminary;LM3S9B90;LM3S9B90 internal;030000FF;0;0;0;3BA00477;0000000;20000000;18000
Luminary;LM3S9B92;LM3S9B92 internal;030000FF;0;0;0;3BA00477;0000000;20000000;18000
Luminary;LM3S9B95;LM3S9B95 internal;030000FF;0;0;0;3BA00477;0000000;20000000;18000
Luminary;LM3S9B96;LM3S9B96 internal;030000FF;0;0;0;3BA00477;0000000;20000000;18000
Luminary;LM3S9L97;LM3S9L97 internal;030000FF;0;0;0;3BA00477;0000000;20000000;C000
NXP;LPC1111;LPC1111 internal;060000FF;0;0;0;0BB11477;0;10000000;800
NXP;LPC1112;LPC1112 internal;060000FF;0;0;0;0BB11477;0;10000000;800
NXP;LPC1113;LPC1113 internal;060000FF;0;0;0;0BB11477;0;10000000;1000
NXP;LPC1114;LPC1114 internal;060000FF;0;0;0;0BB11477;0;10000000;1000
NXP;LPC11A11/101;LPC11A11 internal;060000FF;0;0;0;0BB11477;0;10000000;800
NXP;LPC11A12/101;LPC11A12 internal;060000FF;0;0;0;0BB11477;0;10000000;800
NXP;LPC11A12/201;LPC11A12 internal;060000FF;0;0;0;0BB11477;0;10000000;1000
NXP;LPC11A13/101;LPC11A13 internal;060000FF;0;0;0;0BB11477;0;10000000;800
NXP;LPC11A13/201;LPC11A13 internal;060000FF;0;0;0;0BB11477;0;10000000;1000
NXP;LPC11A13/301;LPC11A13 internal;060000FF;0;0;0;0BB11477;0;10000000;1800
NXP;LPC11A14/201;LPC11A14 internal;060000FF;0;0;0;0BB11477;0;10000000;1000
NXP;LPC11A14/301;LPC11A14 internal;060000FF;0;0;0;0BB11477;0;10000000;1800
NXP;LPC11A14/401;LPC11A14 internal;060000FF;0;0;0;0BB11477;0;10000000;2000
NXP;LPC11C12;LPC11C12 internal;060000FF;0;0;0;0BB11477;0;10000000;2000
NXP;LPC11C14;LPC11C14 internal;060000FF;0;0;0;0BB11477;0;10000000;2000
NXP;LPC11C22;LPC11C22 internal;060000FF;0;0;0;0BB11477;0;10000000;2000
NXP;LPC11C24;LPC11C24 internal;060000FF;0;0;0;0BB11477;0;10000000;2000
NXP;LPC11U12;LPC11U12 internal;060000FF;0;0;0;0BB11477;0;10000000;1000
NXP;LPC11U13;LPC11U13 internal;060000FF;0;0;0;0BB11477;0;10000000;1000
NXP;LPC11U14;LPC11U14 internal;060000FF;0;0;0;0BB11477;0;10000000;1000
NXP;LPC11U23;LPC11U23 internal;060000FF;0;0;0;0BB11477;0;10000000;1800
NXP;LPC11U24;LPC11U24 internal;060000FF;0;0;0;0BB11477;0;10000000;1800
NXP;LPC1200;LPC1200 internal;060000FF;0;0;0;0BB11477;0;10000000;2000
NXP;LPC1227;LPC1200 internal;060000FF;0;0;0;0BB11477;0;10000000;2000
NXP;LPC12D27;LPC1200 internal;060000FF;0;0;0;0BB11477;0;10000000;2000
NXP;LPC1311;LPC1311 internal;030000FF;0;0;0;2BA01477;0;10000000;800
NXP;LPC1313;LPC1313 internal;030000FF;0;0;0;2BA01477;0;10000000;2000
NXP;LPC1342;LPC1342 internal;030000FF;0;0;0;2BA01477;0;10000000;1000
NXP;LPC1343;LPC1343 internal;030000FF;0;0;0;2BA01477;0;10000000;2000
NXP;LPC1751;LPC1751 internal;030000FF;0;0;0;4BA00477;0;10000000;2000
NXP;LPC1752;LPC1752 internal;030000FF;0;0;0;4BA00477;0;10000000;4000
NXP;LPC1754;LPC1754 internal;030000FF;0;0;0;4BA00477;0;10000000;4000
NXP;LPC1756;LPC1756 internal;030000FF;0;0;0;4BA00477;0;10000000;4000
NXP;LPC1758;LPC1758 internal;030000FF;0;0;0;4BA00477;0;10000000;8000
NXP;LPC1764;LPC1764 internal;030000FF;0;0;0;4BA00477;0;10000000;4000
NXP;LPC1765;LPC1765 internal;030000FF;0;0;0;4BA00477;0;10000000;8000
NXP;LPC1766;LPC1766 internal;030000FF;0;0;0;4BA00477;0;10000000;8000
NXP;LPC1767;LPC1767 internal;030000FF;0;0;0;4BA00477;0;10000000;8000
NXP;LPC1768;LPC1768 internal;030000FF;0;0;0;4BA00477;0;10000000;8000
NXP;LPC1772;LPC1772 internal;030000FF;0;0;0;4BA00477;0;10000000;4000
NXP;LPC1774;LPC1774 internal;030000FF;0;0;0;4BA00477;0;10000000;8000
NXP;LPC1776;LPC1776 internal;030000FF;0;0;0;4BA00477;0;10000000;10000
NXP;LPC1777;LPC1777 internal;030000FF;0;0;0;4BA00477;0;10000000;10000
NXP;LPC1778;LPC1778 internal;030000FF;0;0;0;4BA00477;0;10000000;10000
NXP;LPC1785;LPC1785 internal;030000FF;0;0;0;4BA00477;0;10000000;10000
NXP;LPC1786;LPC1786 internal;030000FF;0;0;0;4BA00477;0;10000000;10000
NXP;LPC1787;LPC1787 internal;030000FF;0;0;0;4BA00477;0;10000000;10000
NXP;LPC1788;LPC1788 internal;030000FF;0;0;0;4BA00477;0;10000000;10000
NXP;LPC2101;LPC2101 internal;070001FF;0;0;0;4F1F0F0F;0;40000000;800
NXP;LPC2102;LPC2102 internal;070001FF;0;0;0;4F1F0F0F;0;40000000;1000
NXP;LPC2103;LPC2103 internal;070001FF;0;0;0;4F1F0F0F;0;40000000;2000
NXP;LPC2104;LPC2104 internal;070001FF;0;0;0;4F1F0F0F;0;40000000;4000
NXP;LPC2105;LPC2105 internal;070001FF;0;0;0;4F1F0F0F;0;40000000;8000
NXP;LPC2106;LPC2106 internal;070001FF;0;0;0;4F1F0F0F;0;40000000;10000
NXP;LPC2109;LPC2109 internal;070001FF;0;0;0;4F1F0F0F;0;40000000;2000
NXP;LPC2114;LPC2114 internal;070001FF;0;0;0;4F1F0F0F;0;40000000;4000
NXP;LPC2119;LPC2119 internal;070001FF;0;0;0;4F1F0F0F;0;40000000;4000
NXP;LPC2124;LPC2124 internal;070001FF;0;0;0;4F1F0F0F;0;40000000;4000
NXP;LPC2129;LPC2129 internal;070001FF;0;0;0;4F1F0F0F;0;40000000;4000
NXP;LPC2131;LPC2131 internal;070001FF;0;0;0;4F1F0F0F;0;40000000;2000
NXP;LPC2132;LPC2132 internal;070001FF;0;0;0;4F1F0F0F;0;40000000;4000
NXP;LPC2134;LPC2134 internal;070001FF;0;0;0;4F1F0F0F;0;40000000;4000
NXP;LPC2136;LPC2136 internal;070001FF;0;0;0;4F1F0F0F;0;40000000;8000
NXP;LPC2138;LPC2138 internal;070001FF;0;0;0;4F1F0F0F;0;40000000;8000
NXP;LPC2141;LPC2141 internal;070001FF;0;0;0;4F1F0F0F;0;40000000;2000
NXP;LPC2142;LPC2142 internal;070001FF;0;0;0;4F1F0F0F;0;40000000;4000
NXP;LPC2144;LPC2144 internal;070001FF;0;0;0;4F1F0F0F;0;40000000;4000
NXP;LPC2146;LPC2146 internal;070001FF;0;0;0;4F1F0F0F;0;40000000;8000
NXP;LPC2148;LPC2148 internal;070001FF;0;0;0;4F1F0F0F;0;40000000;8000
NXP;LPC2157;LPC2157 internal;070001FF;0;0;0;4F1F0F0F;0;40000000;8000
NXP;LPC2158;LPC2158 internal;070001FF;0;0;0;4F1F0F0F;0;40000000;8000
NXP;LPC2194;LPC2194 internal;070001FF;0;0;0;4F1F0F0F;0;40000000;4000
NXP;LPC2212;LPC2212 internal;070001FF;0;0;0;4F1F0F0F;0;40000000;4000
NXP;LPC2214;LPC2214 internal;070001FF;0;0;0;4F1F0F0F;0;40000000;4000
NXP;LPC2292;LPC2292 internal;070001FF;0;0;0;4F1F0F0F;0;40000000;4000
NXP;LPC2294;LPC2294 internal;070001FF;0;0;0;4F1F0F0F;0;40000000;4000
NXP;LPC2361;LPC2361 internal;070001FF;0;0;0;4F1F0F0F;0;40000000;2000
NXP;LPC2362;LPC2362 internal;070001FF;0;0;0;4F1F0F0F;0;40000000;8000
NXP;LPC2364;LPC2364 internal;070001FF;0;0;0;4F1F0F0F;0;40000000;2000
NXP;LPC2365;LPC2365 internal;070001FF;0;0;0;4F1F0F0F;0;40000000;8000
NXP;LPC2366;LPC2366 internal;070001FF;0;0;0;4F1F0F0F;0;40000000;8000
NXP;LPC2367;LPC2367 internal;070001FF;0;0;0;4F1F0F0F;0;40000000;8000
NXP;LPC2368;LPC2368 internal;070001FF;0;0;0;4F1F0F0F;0;40000000;8000
NXP;LPC2377;LPC2377 internal;070001FF;0;0;0;4F1F0F0F;0;40000000;8000
NXP;LPC2378;LPC2378 internal;070001FF;0;0;0;4F1F0F0F;0;40000000;8000
NXP;LPC2387;LPC2387 internal;070001FF;0;0;0;4F1F0F0F;0;40000000;10000
NXP;LPC2388;LPC2388 internal;070001FF;0;0;0;4F1F0F0F;0;40000000;10000
NXP;LPC2458;LPC2458 internal;070001FF;0;0;0;4F1F0F0F;0;40000000;10000
NXP;LPC2468;LPC2468 internal;070001FF;0;0;0;4F1F0F0F;0;40000000;10000
NXP;LPC2478;LPC2478 internal;070001FF;0;0;0;4F1F0F0F;0;40000000;10000
NXP;LPC2880;LPC2880 internal;070000FF;0;0;0;4F1F0F0F;10400000;00400000;10000
NXP;LPC2888;LPC2888 internal;070000FF;0;0;0;4F1F0F0F;10400000;00400000;10000
NXP;LPC2917;LPC2917 internal;096801FF;0;0;0;0596802B;20000000;80000000;C000
NXP;LPC2919;LPC2919 internal;096801FF;0;0;0;0596802B;20000000;80000000;C000
NXP;LPC2927;LPC2927 internal;096801FF;0;0;0;0596802B;20000000;80000000;C000
NXP;LPC2929;LPC2929 internal;096801FF;0;0;0;0596802B;20000000;80000000;C000
NXP;PCF87750;PCF87750 internal;070000FF;0;0;0;2F0F0F0F;0;1000000;C000
NXP;SJA2010;SJA2010 internal;070001FF;0;0;0;4F1F0F0F;20000000;60000000;6000
NXP;SJA2510;SJA2510 internal;096801FF;0;0;0;0596802B;20000000;80000000;6000
OKI;ML67Q4002;ML67Q4002 internal;070000FF;0;0;0;2F0F0F0F;C8000000;10000000;8000
OKI;ML67Q4003;ML67Q4003 internal;070000FF;0;0;0;2F0F0F0F;C8000000;10000000;8000
OKI;ML67Q4050;ML67Q4050 internal;070000FF;0;0;0;3F0F0F0F;8000000;10000000;4000
OKI;ML67Q4051;ML67Q4051 internal;070000FF;0;0;0;3F0F0F0F;8000000;10000000;4000
OKI;ML67Q4060;ML67Q4060 internal;070000FF;0;0;0;3F0F0F0F;8000000;10000000;4000
OKI;ML67Q4061;ML67Q4061 internal;070000FF;0;0;0;3F0F0F0F;8000000;10000000;4000
OKI;ML67Q5250;ML67Q5250 internal;070000FF;0;0;0;3F0F0F0F;8000000;10000000;4000
ON Semi;Q32M210;Q32M210 internal;030000FF;0;0;0;4BA00477;40000;20000000;C000
Renesas;R5F56104;R5F56104 internal;0D00FFFF;0;0;2;1D001447;FFF40000;0;20000
Renesas;R5F56104 (allow DataFlash);R5F56104 internal allow DataFlash;0D00FFFF;0;0;2;1D001447;100000;0;20000
Renesas;R5F56106;R5F56106 internal;0D00FFFF;0;0;2;1D001447;FFF00000;0;20000
Renesas;R5F56106 (allow DataFlash);R5F56106 internal allow DataFlash;0D00FFFF;0;0;2;1D001447;100000;0;20000
Renesas;R5F56107;R5F56107 internal;0D00FFFF;0;0;2;1D001447;FFE80000;0;20000
Renesas;R5F56107 (allow DataFlash);R5F56107 internal allow DataFlash;0D00FFFF;0;0;2;1D001447;100000;0;20000
Renesas;R5F56108;R5F56108 internal;0D00FFFF;0;0;2;1D001447;FFE00000;0;20000
Renesas;R5F56108 (allow DataFlash);R5F56108 internal allow DataFlash;0D00FFFF;0;0;2;1D001447;100000;0;20000
Renesas;R5F56216;R5F562x6 internal;0D01FFFF;0;0;2;0D002447;FFFC0000;0;10000
Renesas;R5F56216 (allow DataFlash);R5F562x6 internal allow DataFlash;0D01FFFF;0;0;2;0D002447;100000;0;10000
Renesas;R5F56217;R5F562x7 internal;0D01FFFF;0;0;2;0D002447;FFFA0000;0;10000
Renesas;R5F56217 (allow DataFlash);R5F562x7 internal allow DataFlash;0D01FFFF;0;0;2;0D002447;100000;0;10000
Renesas;R5F56218;R5F562x8 internal;0D01FFFF;0;0;2;0D002447;FFF80000;0;18000
Renesas;R5F56218 (allow DataFlash);R5F562x8 internal allow DataFlash;0D01FFFF;0;0;2;0D002447;100000;0;18000
Renesas;R5F562N7;R5F562x7 internal;0D01FFFF;0;0;2;0D002447;FFFA0000;0;10000
Renesas;R5F562N7 (allow DataFlash);R5F562x7 internal allow DataFlash;0D01FFFF;0;0;2;0D002447;100000;0;10000
Renesas;R5F562N8;R5F562x8 internal;0D01FFFF;0;0;2;0D002447;FFF80000;0;18000
Renesas;R5F562N8 (allow DataFlash);R5F562x8 internal allow DataFlash;0D01FFFF;0;0;2;0D002447;100000;0;18000
Renesas;R5F562T6;R5F562T6 internal;0D02FFFF;0;0;2;0D003447;FFFF0000;0;2000
Renesas;R5F562T6 (allow DataFlash);R5F562T6 internal allow DataFlash;0D02FFFF;0;0;2;0D003447;100000;0;2000
Renesas;R5F562T7;R5F562T7 internal;0D02FFFF;0;0;2;0D003447;FFFE0000;0;2000
Renesas;R5F562T7 (allow DataFlash);R5F562T7 internal allow DataFlash;0D02FFFF;0;0;2;0D003447;100000;0;2000
Renesas;R5F562TA;R5F562TA internal;0D02FFFF;0;0;2;0D003447;FFFC0000;0;4000
Renesas;R5F562TA (allow DataFlash);R5F562TA internal allow DataFlash;0D02FFFF;0;0;2;0D003447;100000;0;4000
Renesas;R5F56317;R5F563x7 internal;0D03FFFF;0;0;2;0D005447;FFFA0000;0;10000
Renesas;R5F56317 (allow DataFlash);R5F563x7 internal allow DataFlash;0D03FFFF;0;0;2;0D005447;100000;0;10000
Renesas;R5F56318;R5F563x8 internal;0D03FFFF;0;0;2;0D005447;FFF80000;0;10000
Renesas;R5F56318 (allow DataFlash);R5F563x8 internal allow DataFlash;0D03FFFF;0;0;2;0D005447;100000;0;10000
Renesas;R5F5631A;R5F563xA internal;0D03FFFF;0;0;2;0D005447;FFF40000;0;18000
Renesas;R5F5631A (allow DataFlash);R5F563xA internal allow DataFlash;0D03FFFF;0;0;2;0D005447;100000;0;18000
Renesas;R5F5631B;R5F563xB internal;0D03FFFF;0;0;2;0D005447;FFF00000;0;18000
Renesas;R5F5631B (allow DataFlash);R5F563xB internal allow DataFlash;0D03FFFF;0;0;2;0D005447;100000;0;18000
Renesas;R5F5631D;R5F563xD internal;0D03FFFF;0;0;2;0D005447;FFE80000;0;20000
Renesas;R5F5631D (allow DataFlash);R5F563xD internal allow DataFlash;0D03FFFF;0;0;2;0D005447;100000;0;20000
Renesas;R5F5631E;R5F563xE internal;0D03FFFF;0;0;2;0D005447;FFE00000;0;20000
Renesas;R5F5631E (allow DataFlash);R5F563xE internal allow DataFlash;0D03FFFF;0;0;2;0D005447;100000;0;20000
Renesas;R5F563N7;R5F563x7 internal;0D03FFFF;0;0;2;0D005447;FFFA0000;0;10000
Renesas;R5F563N7 (allow DataFlash);R5F563x7 internal allow DataFlash;0D03FFFF;0;0;2;0D005447;100000;0;10000
Renesas;R5F563N8;R5F563x8 internal;0D03FFFF;0;0;2;0D005447;FFF80000;0;10000
Renesas;R5F563N8 (allow DataFlash);R5F563x8 internal allow DataFlash;0D03FFFF;0;0;2;0D005447;100000;0;10000
Renesas;R5F563NA;R5F563xA internal;0D03FFFF;0;0;2;0D005447;FFF40000;0;18000
Renesas;R5F563NA (allow DataFlash);R5F563xA internal allow DataFlash;0D03FFFF;0;0;2;0D005447;100000;0;18000
Renesas;R5F563NB;R5F563xB internal;0D03FFFF;0;0;2;0D005447;FFF00000;0;18000
Renesas;R5F563NB (allow DataFlash);R5F563xB internal allow DataFlash;0D03FFFF;0;0;2;0D005447;100000;0;18000
Renesas;R5F563ND;R5F563xD internal;0D03FFFF;0;0;2;0D005447;FFE80000;0;20000
Renesas;R5F563ND (allow DataFlash);R5F563xD internal allow DataFlash;0D03FFFF;0;0;2;0D005447;100000;0;20000
Renesas;R5F563NE;R5F563xE internal;0D03FFFF;0;0;2;0D005447;FFE00000;0;20000
Renesas;R5F563NE (allow DataFlash);R5F563xE internal allow DataFlash;0D03FFFF;0;0;2;0D005447;100000;0;20000
Samsung;S3F445HX;S3F445HX internal;07FFFFFF;0;0;1;1F0F0F0F;0;1FF0000;2000
Samsung;S3FN21B;S3FN21B internal;060000FF;0;0;0;0BB11477;0;20000000;2000
Samsung;S3FN21B (allow JTAG protect);S3FN21B internal allow JTAG protect;060000FF;0;0;0;0BB11477;0;20000000;2000
Samsung;S3FN21C;S3FN21C internal;060000FF;0;0;0;0BB11477;0;20000000;2000
Samsung;S3FN21C (allow JTAG protect);S3FN21C internal allow JTAG protect;060000FF;0;0;0;0BB11477;0;20000000;2000
Samsung;S3FN21D;S3FN21D internal;060000FF;0;0;0;0BB11477;0;20000000;2000
Samsung;S3FN21D (allow JTAG protect);S3FN21D internal allow JTAG protect;060000FF;0;0;0;0BB11477;0;20000000;2000
Samsung;S3FN41F;S3FN41F internal;060000FF;0;0;0;0BB11477;0;20000000;8000
Samsung;S3FN41F (allow JTAG protect);S3FN41F internal allow JTAG protect;060000FF;0;0;0;0BB11477;0;20000000;8000
Samsung;S3FN60D;S3FN60D internal;060000FF;0;0;0;0BA01477;0;10000000;2000
ST;SPC560B40;SPC560B40 internal;10FFFFFF;0;0;1;07C1C01D;0;40000000;6000
ST;SPC560B44;SPC560B44 internal;10FFFFFF;0;0;1;07C1C01D;0;40000000;7000
ST;SPC560B50;SPC560B50 internal;10FFFFFF;0;0;1;07C1C01D;0;40000000;A000
ST;SPC560C40;SPC560C40 internal;10FFFFFF;0;0;1;07C1C01D;0;40000000;8000
ST;SPC560C44;SPC560C44 internal;10FFFFFF;0;0;1;07C1C01D;0;40000000;A000
ST;SPC560C50;SPC560C50 internal;10FFFFFF;0;0;1;07C1C01D;0;40000000;C000
ST;SPC560P40;SPC560P40 internal;10FFFFFF;0;0;1;07E0E01D;0;40000000;5000
ST;SPC560P44;SPC560P44 internal;10FFFFFF;0;0;1;07E0E01D;0;40000000;9000
ST;SPC560P50;SPC560P50 internal;10FFFFFF;0;0;1;07E0E01D;0;40000000;A000
ST;STM32F100C4;STM32F10xx4 internal;030000FF;0;0;0;3BA00477;8000000;20000000;1000
ST;STM32F100C4 (allow opt. bytes);STM32F10xx4 internal optbytes;030000FF;0;0;0;3BA00477;6000000;20000000;1000
ST;STM32F100C6;STM32F10xx6 internal;030000FF;0;0;0;3BA00477;8000000;20000000;1000
ST;STM32F100C6 (allow opt. bytes);STM32F10xx6 internal optbytes;030000FF;0;0;0;3BA00477;6000000;20000000;1000
ST;STM32F100C8;STM32F10xx8 internal;030000FF;0;0;0;3BA00477;8000000;20000000;2000
ST;STM32F100C8 (allow opt. bytes);STM32F10xx8 internal optbytes;030000FF;0;0;0;3BA00477;6000000;20000000;2000
ST;STM32F100CB;STM32F10xxB internal;030000FF;0;0;0;3BA00477;8000000;20000000;2000
ST;STM32F100CB (allow opt. bytes);STM32F10xxB internal optbytes;030000FF;0;0;0;3BA00477;6000000;20000000;2000
ST;STM32F100R4;STM32F10xx4 internal;030000FF;0;0;0;3BA00477;8000000;20000000;1000
ST;STM32F100R4 (allow opt. bytes);STM32F10xx4 internal optbytes;030000FF;0;0;0;3BA00477;6000000;20000000;1000
ST;STM32F100R6;STM32F10xx6 internal;030000FF;0;0;0;3BA00477;8000000;20000000;1000
ST;STM32F100R6 (allow opt. bytes);STM32F10xx6 internal optbytes;030000FF;0;0;0;3BA00477;6000000;20000000;1000
ST;STM32F100R8;STM32F10xx8 internal;030000FF;0;0;0;3BA00477;8000000;20000000;2000
ST;STM32F100R8 (allow opt. bytes);STM32F10xx8 internal optbytes;030000FF;0;0;0;3BA00477;6000000;20000000;2000
ST;STM32F100RB;STM32F10xxB internal;030000FF;0;0;0;3BA00477;8000000;20000000;2000
ST;STM32F100RB (allow opt. bytes);STM32F10xxB internal optbytes;030000FF;0;0;0;3BA00477;6000000;20000000;2000
ST;STM32F100RC;STM32F10xxC internal;030000FF;0;0;0;3BA00477;8000000;20000000;6000
ST;STM32F100RC (allow opt. bytes);STM32F10xxC internal optbytes;030000FF;0;0;0;3BA00477;6000000;20000000;6000
ST;STM32F100RD;STM32F10xxD internal;030000FF;0;0;0;3BA00477;8000000;20000000;8000
ST;STM32F100RD (allow opt. bytes);STM32F10xxD internal optbytes;030000FF;0;0;0;3BA00477;6000000;20000000;8000
ST;STM32F100RE;STM32F10xxE internal;030000FF;0;0;0;3BA00477;8000000;20000000;8000
ST;STM32F100RE (allow opt. bytes);STM32F10xxE internal optbytes;030000FF;0;0;0;3BA00477;6000000;20000000;8000
ST;STM32F100V8;STM32F10xx8 internal;030000FF;0;0;0;3BA00477;8000000;20000000;2000
ST;STM32F100V8 (allow opt. bytes);STM32F10xx8 internal optbytes;030000FF;0;0;0;3BA00477;6000000;20000000;2000
ST;STM32F100VB;STM32F10xxB internal;030000FF;0;0;0;3BA00477;8000000;20000000;2000
ST;STM32F100VB (allow opt. bytes);STM32F10xxB internal optbytes;030000FF;0;0;0;3BA00477;6000000;20000000;2000
ST;STM32F100VC;STM32F10xxC internal;030000FF;0;0;0;3BA00477;8000000;20000000;6000
ST;STM32F100VC (allow opt. bytes);STM32F10xxC internal optbytes;030000FF;0;0;0;3BA00477;6000000;20000000;6000
ST;STM32F100VD;STM32F10xxD internal;030000FF;0;0;0;3BA00477;8000000;20000000;8000
ST;STM32F100VD (allow opt. bytes);STM32F10xxD internal optbytes;030000FF;0;0;0;3BA00477;6000000;20000000;8000
ST;STM32F100VE;STM32F10xxE internal;030000FF;0;0;0;3BA00477;8000000;20000000;8000
ST;STM32F100VE (allow opt. bytes);STM32F10xxE internal optbytes;030000FF;0;0;0;3BA00477;6000000;20000000;8000
ST;STM32F100ZC;STM32F10xxC internal;030000FF;0;0;0;3BA00477;8000000;20000000;6000
ST;STM32F100ZC (allow opt. bytes);STM32F10xxC internal optbytes;030000FF;0;0;0;3BA00477;6000000;20000000;6000
ST;STM32F100ZD;STM32F10xxD internal;030000FF;0;0;0;3BA00477;8000000;20000000;8000
ST;STM32F100ZD (allow opt. bytes);STM32F10xxD internal optbytes;030000FF;0;0;0;3BA00477;6000000;20000000;8000
ST;STM32F100ZE;STM32F10xxE internal;030000FF;0;0;0;3BA00477;8000000;20000000;8000
ST;STM32F100ZE (allow opt. bytes);STM32F10xxE internal optbytes;030000FF;0;0;0;3BA00477;6000000;20000000;8000
ST;STM32F101C4;STM32F10xx4 internal;030000FF;0;0;0;3BA00477;8000000;20000000;1000
ST;STM32F101C4 (allow opt. bytes);STM32F10xx4 internal optbytes;030000FF;0;0;0;3BA00477;6000000;20000000;1000
ST;STM32F101C6;STM32F10xx6 internal;030000FF;0;0;0;3BA00477;8000000;20000000;1800
ST;STM32F101C6 (allow opt. bytes);STM32F10xx6 internal optbytes;030000FF;0;0;0;3BA00477;6000000;20000000;1800
ST;STM32F101C8;STM32F10xx8 internal;030000FF;0;0;0;3BA00477;8000000;20000000;2800
ST;STM32F101C8 (allow opt. bytes);STM32F10xx8 internal optbytes;030000FF;0;0;0;3BA00477;6000000;20000000;2800
ST;STM32F101CB;STM32F10xxB internal;030000FF;0;0;0;3BA00477;8000000;20000000;4000
ST;STM32F101CB (allow opt. bytes);STM32F10xxB internal optbytes;030000FF;0;0;0;3BA00477;6000000;20000000;4000
ST;STM32F101R4;STM32F10xx4 internal;030000FF;0;0;0;3BA00477;8000000;20000000;1000
ST;STM32F101R4 (allow opt. bytes);STM32F10xx4 internal optbytes;030000FF;0;0;0;3BA00477;6000000;20000000;1000
ST;STM32F101R6;STM32F10xx6 internal;030000FF;0;0;0;3BA00477;8000000;20000000;1800
ST;STM32F101R6 (allow opt. bytes);STM32F10xx6 internal optbytes;030000FF;0;0;0;3BA00477;6000000;20000000;1800
ST;STM32F101R8;STM32F10xx8 internal;030000FF;0;0;0;3BA00477;8000000;20000000;2800
ST;STM32F101R8 (allow opt. bytes);STM32F10xx8 internal optbytes;030000FF;0;0;0;3BA00477;6000000;20000000;2800
ST;STM32F101RB;STM32F10xxB internal;030000FF;0;0;0;3BA00477;8000000;20000000;4000
ST;STM32F101RB (allow opt. bytes);STM32F10xxB internal optbytes;030000FF;0;0;0;3BA00477;6000000;20000000;4000
ST;STM32F101RC;STM32F10xxC internal;030000FF;0;0;0;3BA00477;8000000;20000000;8000
ST;STM32F101RC (allow opt. bytes);STM32F10xxC internal optbytes;030000FF;0;0;0;3BA00477;6000000;20000000;8000
ST;STM32F101RD;STM32F10xxD internal;030000FF;0;0;0;3BA00477;8000000;20000000;C000
ST;STM32F101RD (allow opt. bytes);STM32F10xxD internal optbytes;030000FF;0;0;0;3BA00477;6000000;20000000;C000
ST;STM32F101RE;STM32F10xxE internal;030000FF;0;0;0;3BA00477;8000000;20000000;C000
ST;STM32F101RE (allow opt. bytes);STM32F10xxE internal optbytes;030000FF;0;0;0;3BA00477;6000000;20000000;C000
ST;STM32F101RF;STM32F10xxF internal;030000FF;0;0;0;3BA00477;8000000;20000000;14000
ST;STM32F101RF (allow opt. bytes);STM32F10xxF internal optbytes;030000FF;0;0;0;3BA00477;6000000;20000000;14000
ST;STM32F101RG;STM32F10xxG internal;030000FF;0;0;0;3BA00477;8000000;20000000;14000
ST;STM32F101RG (allow opt. bytes);STM32F10xxG internal optbytes;030000FF;0;0;0;3BA00477;6000000;20000000;14000
ST;STM32F101T4;STM32F10xx4 internal;030000FF;0;0;0;3BA00477;8000000;20000000;1000
ST;STM32F101T4 (allow opt. bytes);STM32F10xx4 internal optbytes;030000FF;0;0;0;3BA00477;6000000;20000000;1000
ST;STM32F101T6;STM32F10xx6 internal;030000FF;0;0;0;3BA00477;8000000;20000000;1800
ST;STM32F101T6 (allow opt. bytes);STM32F10xx6 internal optbytes;030000FF;0;0;0;3BA00477;6000000;20000000;1800
ST;STM32F101T8;STM32F10xx8 internal;030000FF;0;0;0;3BA00477;8000000;20000000;2800
ST;STM32F101T8 (allow opt. bytes);STM32F10xx8 internal optbytes;030000FF;0;0;0;3BA00477;6000000;20000000;2800
ST;STM32F101V8;STM32F10xx8 internal;030000FF;0;0;0;3BA00477;8000000;20000000;2800
ST;STM32F101V8 (allow opt. bytes);STM32F10xx8 internal optbytes;030000FF;0;0;0;3BA00477;6000000;20000000;2800
ST;STM32F101VB;STM32F10xxB internal;030000FF;0;0;0;3BA00477;8000000;20000000;4000
ST;STM32F101VB (allow opt. bytes);STM32F10xxB internal optbytes;030000FF;0;0;0;3BA00477;6000000;20000000;4000
ST;STM32F101VC;STM32F10xxC internal;030000FF;0;1;0;3BA00477;8000000;20000000;8000
ST;STM32F101VC (allow opt. bytes);STM32F10xxC internal optbytes;030000FF;0;1;0;3BA00477;6000000;20000000;8000
ST;STM32F101VD;STM32F10xxD internal;030000FF;0;1;0;3BA00477;8000000;20000000;C000
ST;STM32F101VD (allow opt. bytes);STM32F10xxD internal optbytes;030000FF;0;1;0;3BA00477;6000000;20000000;C000
ST;STM32F101VE;STM32F10xxE internal;030000FF;0;1;0;3BA00477;8000000;20000000;C000
ST;STM32F101VE (allow opt. bytes);STM32F10xxE internal optbytes;030000FF;0;1;0;3BA00477;6000000;20000000;C000
ST;STM32F101VF;STM32F10xxF internal;030000FF;0;0;0;3BA00477;8000000;20000000;14000
ST;STM32F101VF (allow opt. bytes);STM32F10xxF internal optbytes;030000FF;0;0;0;3BA00477;6000000;20000000;14000
ST;STM32F101VG;STM32F10xxG internal;030000FF;0;0;0;3BA00477;8000000;20000000;14000
ST;STM32F101VG (allow opt. bytes);STM32F10xxG internal optbytes;030000FF;0;0;0;3BA00477;6000000;20000000;14000
ST;STM32F101ZC;STM32F10xxC internal;030000FF;0;1;0;3BA00477;8000000;20000000;8000
ST;STM32F101ZC (allow opt. bytes);STM32F10xxC internal optbytes;030000FF;0;1;0;3BA00477;6000000;20000000;8000
ST;STM32F101ZD;STM32F10xxD internal;030000FF;0;1;0;3BA00477;8000000;20000000;C000
ST;STM32F101ZD (allow opt. bytes);STM32F10xxD internal optbytes;030000FF;0;1;0;3BA00477;6000000;20000000;C000
ST;STM32F101ZE;STM32F10xxE internal;030000FF;0;1;0;3BA00477;8000000;20000000;C000
ST;STM32F101ZE (allow opt. bytes);STM32F10xxE internal optbytes;030000FF;0;1;0;3BA00477;6000000;20000000;C000
ST;STM32F101ZF;STM32F10xxF internal;030000FF;0;0;0;3BA00477;8000000;20000000;14000
ST;STM32F101ZF (allow opt. bytes);STM32F10xxF internal optbytes;030000FF;0;0;0;3BA00477;6000000;20000000;14000
ST;STM32F101ZG;STM32F10xxG internal;030000FF;0;0;0;3BA00477;8000000;20000000;14000
ST;STM32F101ZG (allow opt. bytes);STM32F10xxG internal optbytes;030000FF;0;0;0;3BA00477;6000000;20000000;14000
ST;STM32F102C4;STM32F10xx4 internal;030000FF;0;0;0;3BA00477;8000000;20000000;1000
ST;STM32F102C4 (allow opt. bytes);STM32F10xx4 internal optbytes;030000FF;0;0;0;3BA00477;6000000;20000000;1000
ST;STM32F102C6;STM32F10xx6 internal;030000FF;0;0;0;3BA00477;8000000;20000000;1800
ST;STM32F102C6 (allow opt. bytes);STM32F10xx6 internal optbytes;030000FF;0;0;0;3BA00477;6000000;20000000;1800
ST;STM32F102C8;STM32F10xx8 internal;030000FF;0;0;0;3BA00477;8000000;20000000;2800
ST;STM32F102C8 (allow opt. bytes);STM32F10xx8 internal optbytes;030000FF;0;0;0;3BA00477;6000000;20000000;2800
ST;STM32F102CB;STM32F10xxB internal;030000FF;0;0;0;3BA00477;8000000;20000000;4000
ST;STM32F102CB (allow opt. bytes);STM32F10xxB internal optbytes;030000FF;0;0;0;3BA00477;6000000;20000000;4000
ST;STM32F102R4;STM32F10xx4 internal;030000FF;0;0;0;3BA00477;8000000;20000000;1000
ST;STM32F102R4 (allow opt. bytes);STM32F10xx4 internal optbytes;030000FF;0;0;0;3BA00477;6000000;20000000;1000
ST;STM32F102R6;STM32F10xx6 internal;030000FF;0;0;0;3BA00477;8000000;20000000;1800
ST;STM32F102R6 (allow opt. bytes);STM32F10xx6 internal optbytes;030000FF;0;0;0;3BA00477;6000000;20000000;1800
ST;STM32F102R8;STM32F10xx8 internal;030000FF;0;0;0;3BA00477;8000000;20000000;2800
ST;STM32F102R8 (allow opt. bytes);STM32F10xx8 internal optbytes;030000FF;0;0;0;3BA00477;6000000;20000000;2800
ST;STM32F102RB;STM32F10xxB internal;030000FF;0;0;0;3BA00477;8000000;20000000;4000
ST;STM32F102RB (allow opt. bytes);STM32F10xxB internal optbytes;030000FF;0;0;0;3BA00477;6000000;20000000;4000
ST;STM32F103C4;STM32F10xx4 internal;030000FF;0;0;0;3BA00477;8000000;20000000;1800
ST;STM32F103C4 (allow opt. bytes);STM32F10xx4 internal optbytes;030000FF;0;0;0;3BA00477;6000000;20000000;1800
ST;STM32F103C6;STM32F10xx6 internal;030000FF;0;0;0;3BA00477;8000000;20000000;2800
ST;STM32F103C6 (allow opt. bytes);STM32F10xx6 internal optbytes;030000FF;0;0;0;3BA00477;6000000;20000000;2800
ST;STM32F103C8;STM32F10xx8 internal;030000FF;0;0;0;3BA00477;8000000;20000000;5000
ST;STM32F103C8 (allow opt. bytes);STM32F10xx8 internal optbytes;030000FF;0;0;0;3BA00477;6000000;20000000;5000
ST;STM32F103CB;STM32F10xxB internal;030000FF;0;0;0;3BA00477;8000000;20000000;5000
ST;STM32F103CB (allow opt. bytes);STM32F10xxB internal optbytes;030000FF;0;0;0;3BA00477;6000000;20000000;5000
ST;STM32F103R4;STM32F10xx4 internal;030000FF;0;0;0;3BA00477;8000000;20000000;1800
ST;STM32F103R4 (allow opt. bytes);STM32F10xx4 internal optbytes;030000FF;0;0;0;3BA00477;6000000;20000000;1800
ST;STM32F103R6;STM32F10xx6 internal;030000FF;0;0;0;3BA00477;8000000;20000000;2800
ST;STM32F103R6 (allow opt. bytes);STM32F10xx6 internal optbytes;030000FF;0;0;0;3BA00477;6000000;20000000;2800
ST;STM32F103R8;STM32F10xx8 internal;030000FF;0;0;0;3BA00477;8000000;20000000;5000
ST;STM32F103R8 (allow opt. bytes);STM32F10xx8 internal optbytes;030000FF;0;0;0;3BA00477;6000000;20000000;5000
ST;STM32F103RB;STM32F10xxB internal;030000FF;0;0;0;3BA00477;8000000;20000000;5000
ST;STM32F103RB (allow opt. bytes);STM32F10xxB internal optbytes;030000FF;0;0;0;3BA00477;6000000;20000000;5000
ST;STM32F103RC;STM32F10xxC internal;030000FF;0;0;0;3BA00477;8000000;20000000;C000
ST;STM32F103RC (allow opt. bytes);STM32F10xxC internal optbytes;030000FF;0;0;0;3BA00477;6000000;20000000;C000
ST;STM32F103RD;STM32F10xxD internal;030000FF;0;0;0;3BA00477;8000000;20000000;10000
ST;STM32F103RD (allow opt. bytes);STM32F10xxD internal optbytes;030000FF;0;0;0;3BA00477;6000000;20000000;10000
ST;STM32F103RE;STM32F10xxE internal;030000FF;0;0;0;3BA00477;8000000;20000000;10000
ST;STM32F103RE (allow opt. bytes);STM32F10xxE internal optbytes;030000FF;0;0;0;3BA00477;6000000;20000000;10000
ST;STM32F103RF;STM32F10xxF internal;030000FF;0;1;0;3BA00477;8000000;20000000;18000
ST;STM32F103RF (allow opt. bytes);STM32F10xxF internal optbytes;030000FF;0;1;0;3BA00477;8000000;20000000;18000
ST;STM32F103RG;STM32F10xxG internal;030000FF;0;1;0;3BA00477;8000000;20000000;18000
ST;STM32F103RG (allow opt. bytes);STM32F10xxG internal optbytes;030000FF;0;1;0;3BA00477;8000000;20000000;18000
ST;STM32F103T4;STM32F10xx4 internal;030000FF;0;0;0;3BA00477;8000000;20000000;1800
ST;STM32F103T4 (allow opt. bytes);STM32F10xx4 internal optbytes;030000FF;0;0;0;3BA00477;6000000;20000000;1800
ST;STM32F103T6;STM32F10xx6 internal;030000FF;0;0;0;3BA00477;8000000;20000000;2800
ST;STM32F103T6 (allow opt. bytes);STM32F10xx6 internal optbytes;030000FF;0;0;0;3BA00477;6000000;20000000;2800
ST;STM32F103T8;STM32F10xx8 internal;030000FF;0;0;0;3BA00477;8000000;20000000;5000
ST;STM32F103T8 (allow opt. bytes);STM32F10xx8 internal optbytes;030000FF;0;0;0;3BA00477;6000000;20000000;5000
ST;STM32F103V8;STM32F10xx8 internal;030000FF;0;0;0;3BA00477;8000000;20000000;5000
ST;STM32F103V8 (allow opt. bytes);STM32F10xx8 internal optbytes;030000FF;0;0;0;3BA00477;6000000;20000000;5000
ST;STM32F103VB;STM32F10xxB internal;030000FF;0;0;0;3BA00477;8000000;20000000;5000
ST;STM32F103VB (allow opt. bytes);STM32F10xxB internal optbytes;030000FF;0;0;0;3BA00477;6000000;20000000;5000
ST;STM32F103VC;STM32F10xxC internal;030000FF;0;1;0;3BA00477;8000000;20000000;C000
ST;STM32F103VC (allow opt. bytes);STM32F10xxC internal optbytes;030000FF;0;1;0;3BA00477;6000000;20000000;C000
ST;STM32F103VD;STM32F10xxD internal;030000FF;0;1;0;3BA00477;8000000;20000000;10000
ST;STM32F103VD (allow opt. bytes);STM32F10xxD internal optbytes;030000FF;0;1;0;3BA00477;6000000;20000000;10000
ST;STM32F103VE;STM32F10xxE internal;030000FF;0;1;0;3BA00477;8000000;20000000;10000
ST;STM32F103VE (allow opt. bytes);STM32F10xxE internal optbytes;030000FF;0;1;0;3BA00477;6000000;20000000;10000
ST;STM32F103VF;STM32F10xxF internal;030000FF;0;1;0;3BA00477;8000000;20000000;18000
ST;STM32F103VF (allow opt. bytes);STM32F10xxF internal optbytes;030000FF;0;1;0;3BA00477;8000000;20000000;18000
ST;STM32F103VG;STM32F10xxG internal;030000FF;0;1;0;3BA00477;8000000;20000000;18000
ST;STM32F103VG (allow opt. bytes);STM32F10xxG internal optbytes;030000FF;0;1;0;3BA00477;8000000;20000000;18000
ST;STM32F103ZC;STM32F10xxC internal;030000FF;0;1;0;3BA00477;8000000;20000000;C000
ST;STM32F103ZC (allow opt. bytes);STM32F10xxC internal optbytes;030000FF;0;1;0;3BA00477;6000000;20000000;C000
ST;STM32F103ZD;STM32F10xxD internal;030000FF;0;1;0;3BA00477;8000000;20000000;10000
ST;STM32F103ZD (allow opt. bytes);STM32F10xxD internal optbytes;030000FF;0;1;0;3BA00477;6000000;20000000;10000
ST;STM32F103ZE;STM32F10xxE internal;030000FF;0;1;0;3BA00477;8000000;20000000;10000
ST;STM32F103ZE (allow opt. bytes);STM32F10xxE internal optbytes;030000FF;0;1;0;3BA00477;6000000;20000000;10000
ST;STM32F103ZF;STM32F10xxF internal;030000FF;0;1;0;3BA00477;8000000;20000000;18000
ST;STM32F103ZF (allow opt. bytes);STM32F10xxF internal optbytes;030000FF;0;1;0;3BA00477;6000000;20000000;18000
ST;STM32F103ZG;STM32F10xxG internal;030000FF;0;1;0;3BA00477;8000000;20000000;18000
ST;STM32F103ZG (allow opt. bytes);STM32F10xxG internal optbytes;030000FF;0;1;0;3BA00477;6000000;20000000;18000
ST;STM32F105R8;STM32F10xx8 internal;030000FF;0;0;0;3BA00477;8000000;20000000;5000
ST;STM32F105R8 (allow opt. bytes);STM32F10xx8 internal optbytes;030000FF;0;0;0;3BA00477;6000000;20000000;5000
ST;STM32F105RB;STM32F10xxB internal;030000FF;0;0;0;3BA00477;8000000;20000000;5000
ST;STM32F105RB (allow opt. bytes);STM32F10xxB internal optbytes;030000FF;0;0;0;3BA00477;6000000;20000000;5000
ST;STM32F105RC;STM32F10xxC internal;030000FF;0;0;0;3BA00477;8000000;20000000;C000
ST;STM32F105RC (allow opt. bytes);STM32F10xxC internal optbytes;030000FF;0;0;0;3BA00477;6000000;20000000;C000
ST;STM32F105V8;STM32F10xx8 internal;030000FF;0;0;0;3BA00477;8000000;20000000;5000
ST;STM32F105V8 (allow opt. bytes);STM32F10xx8 internal optbytes;030000FF;0;0;0;3BA00477;6000000;20000000;5000
ST;STM32F105VB;STM32F10xxB internal;030000FF;0;0;0;3BA00477;8000000;20000000;5000
ST;STM32F105VB (allow opt. bytes);STM32F10xxB internal optbytes;030000FF;0;0;0;3BA00477;6000000;20000000;5000
ST;STM32F105VC;STM32F10xxC internal;030000FF;0;1;0;3BA00477;8000000;20000000;C000
ST;STM32F105VC (allow opt. bytes);STM32F10xxC internal optbytes;030000FF;0;1;0;3BA00477;6000000;20000000;C000
ST;STM32F107RB;STM32F10xxB internal;030000FF;0;0;0;3BA00477;8000000;20000000;5000
ST;STM32F107RB (allow opt. bytes);STM32F10xxB internal optbytes;030000FF;0;0;0;3BA00477;6000000;20000000;5000
ST;STM32F107RC;STM32F10xxC internal;030000FF;0;0;0;3BA00477;8000000;20000000;C000
ST;STM32F107RC (allow opt. bytes);STM32F10xxC internal optbytes;030000FF;0;0;0;3BA00477;6000000;20000000;C000
ST;STM32F107VB;STM32F10xxB internal;030000FF;0;0;0;3BA00477;8000000;20000000;5000
ST;STM32F107VB (allow opt. bytes);STM32F10xxB internal optbytes;030000FF;0;0;0;3BA00477;6000000;20000000;5000
ST;STM32F107VC;STM32F10xxC internal;030000FF;0;1;0;3BA00477;8000000;20000000;C000
ST;STM32F107VC (allow opt. bytes);STM32F10xxC internal optbytes;030000FF;0;1;0;3BA00477;6000000;20000000;C000
ST;STM32F205RB;STM32F20xxB internal;030000FF;0;1;0;4BA00477;8000000;20000000;10000
ST;STM32F205RC;STM32F20xxC internal;030000FF;0;1;0;4BA00477;8000000;20000000;18000
ST;STM32F205RE;STM32F20xxE internal;030000FF;0;1;0;4BA00477;8000000;20000000;20000
ST;STM32F205RF;STM32F20xxF internal;030000FF;0;1;0;4BA00477;8000000;20000000;20000
ST;STM32F205RG;STM32F20xxG internal;030000FF;0;1;0;4BA00477;8000000;20000000;20000
ST;STM32F205VB;STM32F20xxB internal;030000FF;0;1;0;4BA00477;8000000;20000000;10000
ST;STM32F205VC;STM32F20xxC internal;030000FF;0;1;0;4BA00477;8000000;20000000;18000
ST;STM32F205VE;STM32F20xxE internal;030000FF;0;1;0;4BA00477;8000000;20000000;20000
ST;STM32F205VF;STM32F20xxF internal;030000FF;0;1;0;4BA00477;8000000;20000000;20000
ST;STM32F205VG;STM32F20xxG internal;030000FF;0;1;0;4BA00477;8000000;20000000;20000
ST;STM32F205ZC;STM32F20xxC internal;030000FF;0;1;0;4BA00477;8000000;20000000;18000
ST;STM32F205ZE;STM32F20xxE internal;030000FF;0;1;0;4BA00477;8000000;20000000;20000
ST;STM32F205ZF;STM32F20xxF internal;030000FF;0;1;0;4BA00477;8000000;20000000;20000
ST;STM32F205ZG;STM32F20xxG internal;030000FF;0;1;0;4BA00477;8000000;20000000;20000
ST;STM32F207IC;STM32F20xxC internal;030000FF;0;1;0;4BA00477;8000000;20000000;20000
ST;STM32F207IE;STM32F20xxE internal;030000FF;0;1;0;4BA00477;8000000;20000000;20000
ST;STM32F207IF;STM32F20xxF internal;030000FF;0;1;0;4BA00477;8000000;20000000;20000
ST;STM32F207IG;STM32F20xxG internal;030000FF;0;1;0;4BA00477;8000000;20000000;20000
ST;STM32F207VC;STM32F20xxC internal;030000FF;0;1;0;4BA00477;8000000;20000000;20000
ST;STM32F207VE;STM32F20xxE internal;030000FF;0;1;0;4BA00477;8000000;20000000;20000
ST;STM32F207VF;STM32F20xxF internal;030000FF;0;1;0;4BA00477;8000000;20000000;20000
ST;STM32F207VG;STM32F20xxG internal;030000FF;0;1;0;4BA00477;8000000;20000000;20000
ST;STM32F207ZC;STM32F20xxC internal;030000FF;0;1;0;4BA00477;8000000;20000000;20000
ST;STM32F207ZE;STM32F20xxE internal;030000FF;0;1;0;4BA00477;8000000;20000000;20000
ST;STM32F207ZF;STM32F20xxF internal;030000FF;0;1;0;4BA00477;8000000;20000000;20000
ST;STM32F207ZG;STM32F20xxG internal;030000FF;0;1;0;4BA00477;8000000;20000000;20000
ST;STM32F215RE;STM32F20xxE internal;030000FF;0;1;0;4BA00477;8000000;20000000;20000
ST;STM32F215RG;STM32F20xxG internal;030000FF;0;1;0;4BA00477;8000000;20000000;20000
ST;STM32F215VE;STM32F20xxE internal;030000FF;0;1;0;4BA00477;8000000;20000000;20000
ST;STM32F215VG;STM32F20xxG internal;030000FF;0;1;0;4BA00477;8000000;20000000;20000
ST;STM32F215ZE;STM32F20xxE internal;030000FF;0;1;0;4BA00477;8000000;20000000;20000
ST;STM32F215ZG;STM32F20xxG internal;030000FF;0;1;0;4BA00477;8000000;20000000;20000
ST;STM32F217IE;STM32F20xxE internal;030000FF;0;1;0;4BA00477;8000000;20000000;20000
ST;STM32F217IG;STM32F20xxG internal;030000FF;0;1;0;4BA00477;8000000;20000000;20000
ST;STM32F217VE;STM32F20xxE internal;030000FF;0;1;0;4BA00477;8000000;20000000;20000
ST;STM32F217VG;STM32F20xxG internal;030000FF;0;1;0;4BA00477;8000000;20000000;20000
ST;STM32F217ZE;STM32F20xxE internal;030000FF;0;1;0;4BA00477;8000000;20000000;20000
ST;STM32F217ZG;STM32F20xxG internal;030000FF;0;1;0;4BA00477;8000000;20000000;20000
ST;STM32F405RG;STM32F405xG internal;030000FF;0;1;0;4BA00477;8000000;20000000;20000
ST;STM32F405VG;STM32F405xG internal;030000FF;0;1;0;4BA00477;8000000;20000000;20000
ST;STM32F405ZG;STM32F405xG internal;030000FF;0;1;0;4BA00477;8000000;20000000;20000
ST;STM32F407IE;STM32F407xE internal;030000FF;0;1;0;4BA00477;8000000;20000000;20000
ST;STM32F407IG;STM32F407xG internal;030000FF;0;1;0;4BA00477;8000000;20000000;20000
ST;STM32F407VE;STM32F407xE internal;030000FF;0;1;0;4BA00477;8000000;20000000;20000
ST;STM32F407VG;STM32F407xG internal;030000FF;0;1;0;4BA00477;8000000;20000000;20000
ST;STM32F407ZE;STM32F407xE internal;030000FF;0;1;0;4BA00477;8000000;20000000;20000
ST;STM32F407ZG;STM32F407xG internal;030000FF;0;1;0;4BA00477;8000000;20000000;20000
ST;STM32F415RG;STM32F415xG internal;030000FF;0;1;0;4BA00477;8000000;20000000;20000
ST;STM32F415VG;STM32F415xG internal;030000FF;0;1;0;4BA00477;8000000;20000000;20000
ST;STM32F415ZG;STM32F415xG internal;030000FF;0;1;0;4BA00477;8000000;20000000;20000
ST;STM32F417IE;STM32F417xE internal;030000FF;0;1;0;4BA00477;8000000;20000000;20000
ST;STM32F417IG;STM32F417xG internal;030000FF;0;1;0;4BA00477;8000000;20000000;20000
ST;STM32F417VE;STM32F417xE internal;030000FF;0;1;0;4BA00477;8000000;20000000;20000
ST;STM32F417VG;STM32F417xG internal;030000FF;0;1;0;4BA00477;8000000;20000000;20000
ST;STM32F417ZE;STM32F417xE internal;030000FF;0;1;0;4BA00477;8000000;20000000;20000
ST;STM32F417ZG;STM32F417xG internal;030000FF;0;1;0;4BA00477;8000000;20000000;20000
ST;STM32L151C6;STM32L15xx6 internal;030000FF;0;1;0;4BA00477;8000000;20000000;2800
ST;STM32L151R6;STM32L15xx6 internal;030000FF;0;1;0;4BA00477;8000000;20000000;2800
ST;STM32L151C8;STM32L15xx8 internal;030000FF;0;1;0;4BA00477;8000000;20000000;2800
ST;STM32L151R8;STM32L15xx8 internal;030000FF;0;1;0;4BA00477;8000000;20000000;2800
ST;STM32L151V8;STM32L15xx8 internal;030000FF;0;1;0;4BA00477;8000000;20000000;2800
ST;STM32L151CB;STM32L15xxB internal;030000FF;0;1;0;4BA00477;8000000;20000000;4000
ST;STM32L151RB;STM32L15xxB internal;030000FF;0;1;0;4BA00477;8000000;20000000;4000
ST;STM32L151VB;STM32L15xxB internal;030000FF;0;1;0;4BA00477;8000000;20000000;4000
ST;STM32L152C6;STM32L15xx6 internal;030000FF;0;1;0;4BA00477;8000000;20000000;2800
ST;STM32L152R6;STM32L15xx6 internal;030000FF;0;1;0;4BA00477;8000000;20000000;2800
ST;STM32L152C8;STM32L15xx8 internal;030000FF;0;1;0;4BA00477;8000000;20000000;2800
ST;STM32L152R8;STM32L15xx8 internal;030000FF;0;1;0;4BA00477;8000000;20000000;2800
ST;STM32L152V8;STM32L15xx8 internal;030000FF;0;1;0;4BA00477;8000000;20000000;2800
ST;STM32L152CB;STM32L15xxB internal;030000FF;0;1;0;4BA00477;8000000;20000000;4000
ST;STM32L152RB;STM32L15xxB internal;030000FF;0;1;0;4BA00477;8000000;20000000;4000
ST;STM32L152VB;STM32L15xxB internal;030000FF;0;1;0;4BA00477;8000000;20000000;4000
ST;STM32W108CB;STM32W108xB internal;030000FF;0;0;0;1BA01477;8000000;20000000;2000
ST;STM32W108CB (allow opt. bytes);STM32W108xB internal optbytes;030000FF;0;0;0;1BA01477;6000000;20000000;2000
ST;STM32W108HB;STM32W108xB internal;030000FF;0;0;0;1BA01477;8000000;20000000;2000
ST;STM32W108HB (allow opt. bytes);STM32W108xB internal optbytes;030000FF;0;0;0;1BA01477;6000000;20000000;2000
ST;STR710FZ1;STR71xFx1 internal;070000FF;0;1;0;3F0F0F0F;40000000;20000000;8000
ST;STR710FZ2;STR71xFx2 internal;070000FF;0;1;0;3F0F0F0F;40000000;20000000;10000
ST;STR711FR0;STR71xFx0 internal;070000FF;0;0;0;3F0F0F0F;40000000;20000000;4000
ST;STR711FR1;STR71xFx1 internal;070000FF;0;0;0;3F0F0F0F;40000000;20000000;8000
ST;STR711FR2;STR71xFx2 internal;070000FF;0;0;0;3F0F0F0F;40000000;20000000;10000
ST;STR712FR0;STR71xFx0 internal;070000FF;0;0;0;3F0F0F0F;40000000;20000000;4000
ST;STR712FR1;STR71xFx1 internal;070000FF;0;0;0;3F0F0F0F;40000000;20000000;8000
ST;STR712FR2;STR71xFx2 internal;070000FF;0;0;0;3F0F0F0F;40000000;20000000;10000
ST;STR715FR0;STR71xFx0 internal;070000FF;0;0;0;3F0F0F0F;40000000;20000000;4000
ST;STR730FZ1;STR73xFx1 internal;070000FF;0;0;0;3F0F0F0F;80000000;A0000000;2400
ST;STR730FZ2;STR73xFx2 internal;070000FF;0;0;0;3F0F0F0F;80000000;A0000000;4000
ST;STR731FV0;STR73xFx0 internal;070000FF;0;0;0;3F0F0F0F;80000000;A0000000;4000
ST;STR731FV1;STR73xFx1 internal;070000FF;0;0;0;3F0F0F0F;80000000;A0000000;2400
ST;STR731FV2;STR73xFx2 internal;070000FF;0;0;0;3F0F0F0F;80000000;A0000000;4000
ST;STR735FZ1;STR73xFx1 internal;070000FF;0;0;0;3F0F0F0F;80000000;A0000000;4000
ST;STR735FZ2;STR73xFx2 internal;070000FF;0;0;0;3F0F0F0F;80000000;A0000000;4000
ST;STR736FV0;STR73xFx0 internal;070000FF;0;0;0;3F0F0F0F;80000000;A0000000;4000
ST;STR736FV1;STR73xFx1 internal;070000FF;0;0;0;3F0F0F0F;80000000;A0000000;4000
ST;STR736FV2;STR73xFx2 internal;070000FF;0;0;0;3F0F0F0F;80000000;A0000000;4000
ST;STR750FV0;STR75xFx0 internal;070001FF;0;1;0;4F1F0041;20000000;40000000;4000
ST;STR750FV1;STR75xFx1 internal;070001FF;0;1;0;4F1F0041;20000000;40000000;4000
ST;STR750FV2;STR75xFx2 internal;070001FF;0;1;0;4F1F0041;20000000;40000000;4000
ST;STR751FR0;STR75xFx0 internal;070001FF;0;0;0;4F1F0041;20000000;40000000;4000
ST;STR751FR1;STR75xFx1 internal;070001FF;0;0;0;4F1F0041;20000000;40000000;4000
ST;STR751FR2;STR75xFx2 internal;070001FF;0;0;0;4F1F0041;20000000;40000000;4000
ST;STR752FR0;STR75xFx0 internal;070001FF;0;0;0;4F1F0041;20000000;40000000;4000
ST;STR752FR1;STR75xFx1 internal;070001FF;0;0;0;4F1F0041;20000000;40000000;4000
ST;STR752FR2;STR75xFx2 internal;070001FF;0;0;0;4F1F0041;20000000;40000000;4000
ST;STR755FR0;STR75xFx0 internal;070001FF;0;0;0;4F1F0041;20000000;40000000;4000
ST;STR755FR1;STR75xFx1 internal;070001FF;0;0;0;4F1F0041;20000000;40000000;4000
ST;STR755FR2;STR75xFx2 internal;070001FF;0;0;0;4F1F0041;20000000;40000000;4000
ST;STR755FV0;STR75xFx0 internal;070001FF;0;0;0;4F1F0041;20000000;40000000;4000
ST;STR755FV1;STR75xFx1 internal;070001FF;0;0;0;4F1F0041;20000000;40000000;4000
ST;STR755FV2;STR75xFx2 internal;070001FF;0;0;0;4F1F0041;20000000;40000000;4000
ST;STR910FAM32;STR91xFx32 internal;096601FF;0;0;0;25966041;0;50000000;8000
ST;STR910FAM32 (Bootbank: 1);STR91xFx32 internal (Bootbank: 1);096601FF;0;0;0;25966041;0;50000000;8000
ST;STR910FAW32;STR91xFx32 internal;096601FF;0;0;0;25966041;0;50000000;8000
ST;STR910FAW32 (Bootbank: 1);STR91xFx32 internal (Bootbank: 1);096601FF;0;0;0;25966041;0;50000000;8000
ST;STR910FAZ32;STR91xFx32 internal;096601FF;0;0;0;25966041;0;50000000;8000
ST;STR910FAZ32 (Bootbank: 1);STR91xFx32 internal (Bootbank: 1);096601FF;0;0;0;25966041;0;50000000;8000
ST;STR911FAM42;STR91xFx42 internal;096601FF;0;0;0;25966041;0;50000000;8000
ST;STR911FAM42 (Bootbank: 1);STR91xFx42 internal (Bootbank: 1);096601FF;0;0;0;25966041;0;50000000;8000
ST;STR911FAM44;STR91xFx44 internal;096601FF;0;0;0;25966041;0;50000000;8000
ST;STR911FAM44 (Bootbank: 1);STR91xFx44 internal (Bootbank: 1);096601FF;0;0;0;25966041;0;50000000;8000
ST;STR911FAM46;STR91xFx46 internal;096601FF;0;0;0;25966041;0;50000000;8000
ST;STR911FAM46 (Bootbank: 1);STR91xFx46 internal (Bootbank: 1);096601FF;0;0;0;25966041;0;50000000;8000
ST;STR911FAM47;STR91xFx47 internal;096601FF;0;0;0;25966041;0;50000000;8000
ST;STR911FAM47 (Bootbank: 1);STR91xFx47 internal (Bootbank: 1);096601FF;0;0;0;25966041;0;50000000;8000
ST;STR911FAW42;STR91xFx42 internal;096601FF;0;0;0;25966041;0;50000000;8000
ST;STR911FAW42 (Bootbank: 1);STR91xFx42 internal (Bootbank: 1);096601FF;0;0;0;25966041;0;50000000;8000
ST;STR911FAW44;STR91xFx44 internal;096601FF;0;0;0;25966041;0;50000000;8000
ST;STR911FAW44 (Bootbank: 1);STR91xFx44 internal (Bootbank: 1);096601FF;0;0;0;25966041;0;50000000;8000
ST;STR911FAW46;STR91xFx46 internal;096601FF;0;0;0;25966041;0;50000000;8000
ST;STR911FAW46 (Bootbank: 1);STR91xFx46 internal (Bootbank: 1);096601FF;0;0;0;25966041;0;50000000;8000
ST;STR911FAW47;STR91xFx47 internal;096601FF;0;0;0;25966041;0;50000000;8000
ST;STR911FAW47 (Bootbank: 1);STR91xFx47 internal (Bootbank: 1);096601FF;0;0;0;25966041;0;50000000;8000
ST;STR911FM32;STR91xFx32 internal;096601FF;0;0;0;25966041;0;50000000;8000
ST;STR911FM32 (Bootbank: 1);STR91xFx32 internal (Bootbank: 1);096601FF;0;0;0;25966041;0;50000000;8000
ST;STR911FM42;STR91xFx42 internal;096601FF;0;0;0;25966041;0;50000000;8000
ST;STR911FM42 (Bootbank: 1);STR91xFx42 internal (Bootbank: 1);096601FF;0;0;0;25966041;0;50000000;8000
ST;STR911FM44;STR91xFx44 internal;096601FF;0;0;0;25966041;0;50000000;8000
ST;STR911FM44 (Bootbank: 1);STR91xFx44 internal (Bootbank: 1);096601FF;0;0;0;25966041;0;50000000;8000
ST;STR911FW32;STR91xFx32 internal;096601FF;0;0;0;25966041;0;50000000;8000
ST;STR911FW32 (Bootbank: 1);STR91xFx32 internal (Bootbank: 1);096601FF;0;0;0;25966041;0;50000000;8000
ST;STR911FW42;STR91xFx42 internal;096601FF;0;0;0;25966041;0;50000000;8000
ST;STR911FW42 (Bootbank: 1);STR91xFx42 internal (Bootbank: 1);096601FF;0;0;0;25966041;0;50000000;8000
ST;STR911FW44;STR91xFx44 internal;096601FF;0;0;0;25966041;0;50000000;8000
ST;STR911FW44 (Bootbank: 1);STR91xFx44 internal (Bootbank: 1);096601FF;0;0;0;25966041;0;50000000;8000
ST;STR912FAW32;STR91xFx32 internal;096601FF;0;0;0;25966041;0;50000000;8000
ST;STR912FAW32 (Bootbank: 1);STR91xFx32 internal (Bootbank: 1);096601FF;0;0;0;25966041;0;50000000;8000
ST;STR912FAW42;STR91xFx42 internal;096601FF;0;0;0;25966041;0;50000000;8000
ST;STR912FAW42 (Bootbank: 1);STR91xFx42 internal (Bootbank: 1);096601FF;0;0;0;25966041;0;50000000;8000
ST;STR912FAW44;STR91xFx44 internal;096601FF;0;0;0;25966041;0;50000000;8000
ST;STR912FAW44 (Bootbank: 1);STR91xFx44 internal (Bootbank: 1);096601FF;0;0;0;25966041;0;50000000;8000
ST;STR912FAW46;STR91xFx46 internal;096601FF;0;0;0;25966041;0;50000000;8000
ST;STR912FAW46 (Bootbank: 1);STR91xFx46 internal (Bootbank: 1);096601FF;0;0;0;25966041;0;50000000;8000
ST;STR912FAW47;STR91xFx47 internal;096601FF;0;0;0;25966041;0;50000000;8000
ST;STR912FAW47 (Bootbank: 1);STR91xFx47 internal (Bootbank: 1);096601FF;0;0;0;25966041;0;50000000;8000
ST;STR912FAZ42;STR91xFx42 internal;096601FF;0;0;0;25966041;0;50000000;8000
ST;STR912FAZ42 (Bootbank: 1);STR91xFx42 internal (Bootbank: 1);096601FF;0;0;0;25966041;0;50000000;8000
ST;STR912FAZ44;STR91xFx44 internal;096601FF;0;0;0;25966041;0;50000000;8000
ST;STR912FAZ44 (Bootbank: 1);STR91xFx44 internal (Bootbank: 1);096601FF;0;0;0;25966041;0;50000000;8000
ST;STR912FAZ46;STR91xFx46 internal;096601FF;0;0;0;25966041;0;50000000;8000
ST;STR912FAZ46 (Bootbank: 1);STR91xFx46 internal (Bootbank: 1);096601FF;0;0;0;25966041;0;50000000;8000
ST;STR912FAZ47;STR91xFx47 internal;096601FF;0;0;0;25966041;0;50000000;8000
ST;STR912FAZ47 (Bootbank: 1);STR91xFx47 internal (Bootbank: 1);096601FF;0;0;0;25966041;0;50000000;8000
ST;STR912FM32;STR91xFx32 internal;096601FF;0;0;0;25966041;0;50000000;8000
ST;STR912FM32 (Bootbank: 1);STR91xFx32 internal (Bootbank: 1);096601FF;0;0;0;25966041;0;50000000;8000
ST;STR912FM42;STR91xFx42 internal;096601FF;0;0;0;25966041;0;50000000;8000
ST;STR912FM42 (Bootbank: 1);STR91xFx42 internal (Bootbank: 1);096601FF;0;0;0;25966041;0;50000000;8000
ST;STR912FM44;STR91xFx44 internal;096601FF;0;0;0;25966041;0;50000000;8000
ST;STR912FM44 (Bootbank: 1);STR91xFx44 internal (Bootbank: 1);096601FF;0;0;0;25966041;0;50000000;8000
ST;STR912FW32;STR91xFx32 internal;096601FF;0;0;0;25966041;0;50000000;8000
ST;STR912FW32 (Bootbank: 1);STR91xFx32 internal (Bootbank: 1);096601FF;0;0;0;25966041;0;50000000;8000
ST;STR912FW42;STR91xFx42 internal;096601FF;0;0;0;25966041;0;50000000;8000
ST;STR912FW42 (Bootbank: 1);STR91xFx42 internal (Bootbank: 1);096601FF;0;0;0;25966041;0;50000000;8000
ST;STR912FW44;STR91xFx44 internal;096601FF;0;0;0;25966041;0;50000000;8000
ST;STR912FW44 (Bootbank: 1);STR91xFx44 internal (Bootbank: 1);096601FF;0;0;0;25966041;0;500<input type="image" src="">00000;8000
TI;RM48L5x;RM48L5xx internal;0C0000FF;0;1;0;4BA00477;0;8000000;40000
TI;RM48L7x;RM48L7xx internal;0C0000FF;0;1;0;4BA00477;0;8000000;40000
TI;RM48L9x;RM48L9xx internal;0C0000FF;0;1;0;4BA00477;0;8000000;40000
TI;TMS470R1A64;TMS470R1A64 internal;070000FF;0;1;1;3100E02F;0;400000;1000
TI;TMS470R1A64 (allow keys);TMS470R1A64 internal (allow keys);070000FF;0;1;1;3100E02F;0;400000;1000
TI;TMS470R1A128;TMS470R1A128 internal;070000FF;0;1;1;3100E02F;0;400000;2000
TI;TMS470R1A128 (allow keys);TMS470R1A128 internal (allow keys);070000FF;0;1;1;3100E02F;0;400000;2000
TI;TMS470R1A256;TMS470R1A256 internal;070000FF;0;1;1;3100E02F;0;400000;3000
TI;TMS470R1A256 (allow keys);TMS470R1A256 internal (allow keys);070000FF;0;1;1;3100E02F;0;400000;3000
TI;TMS470R1A288;TMS470R1A288 internal;070000FF;0;1;1;3100E02F;0;400000;4000
TI;TMS470R1A288 (allow keys);TMS470R1A288 internal (allow keys);070000FF;0;1;1;3100E02F;0;400000;4000
TI;TMS470R1A384;TMS470R1A384 internal;070000FF;0;1;1;3100E02F;0;400000;8000
TI;TMS470R1A384 (allow keys);TMS470R1A384 internal (allow keys);070000FF;0;1;1;3100E02F;0;400000;8000
TI;TMS470R1B512;TMS470R1B512 internal;070000FF;0;1;1;3100E02F;0;400000;8000
TI;TMS470R1B512 (allow keys);TMS470R1B512 internal (allow keys);070000FF;0;1;1;3100E02F;0;400000;8000
TI;TMS470R1B768;TMS470R1B768 internal;070000FF;0;1;1;3100E02F;0;400000;C000
TI;TMS470R1B768 (allow keys);TMS470R1B768 internal (allow keys);070000FF;0;1;1;3100E02F;0;400000;C000
TI;TMS470R1B1M;TMS470R1B1M internal;070000FF;0;1;1;3100E02F;0;400000;10000
TI;TMS470R1B1M (allow keys);TMS470R1B1M internal (allow keys);070000FF;0;1;1;3100E02F;0;400000;10000
TI;TMS470R1VF288;TMS470R1VF288 internal;070000FF;0;1;1;3100E02F;0;400000;4000
TI;TMS470R1VF288 (allow keys);TMS470R1VF288 internal (allow keys);070000FF;0;1;1;3100E02F;0;400000;4000
TI;TMS470R1VF688;TMS470R1VF688 internal;070000FF;0;1;1;3100E02F;0;400000;3000
TI;TMS470R1VF688 (allow keys);TMS470R1VF688 internal (allow keys);070000FF;0;1;1;3100E02F;0;400000;3000
TI;TMS470R1VF689;TMS470R1VF689 internal;070000FF;0;1;1;3100E02F;0;400000;8000
TI;TMS470R1VF689 (allow keys);TMS470R1VF689 internal (allow keys);070000FF;0;1;1;3100E02F;0;400000;8000
TI;TMS570LS10106;TMS570LS101xx internal;0C0000FF;0;1;1;4BA00477;0;8000000;20000
TI;TMS570LS10116;TMS570LS101xx internal;0C0000FF;0;1;1;4BA00477;0;8000000;20000
TI;TMS570LS10206;TMS570LS102xx internal;0C0000FF;0;1;1;4BA00477;0;8000000;28000
TI;TMS570LS10216;TMS570LS102xx internal;0C0000FF;0;1;1;4BA00477;0;8000000;28000
TI;TMS570LS20206;TMS570LS202xx internal;0C0000FF;0;1;1;4BA00477;0;8000000;28000
TI;TMS570LS20216;TMS570LS202xx internal;0C0000FF;0;1;1;4BA00477;0;8000000;28000
TI;TMS570LS2124;TMS570LS21xx internal;0C0000FF;0;1;1;4BA00477;0;8000000;30000
TI;TMS570LS2125;TMS570LS21xx internal;0C0000FF;0;1;1;4BA00477;0;8000000;30000
TI;TMS570LS2126;TMS570LS21xx internal;0C0000FF;0;1;1;4BA00477;0;8000000;30000
TI;TMS570LS2127;TMS570LS21xx internal;0C0000FF;0;1;1;4BA00477;0;8000000;30000
TI;TMS570LS2134;TMS570LS21xx internal;0C0000FF;0;1;1;4BA00477;0;8000000;40000
TI;TMS570LS2135;TMS570LS21xx internal;0C0000FF;0;1;1;4BA00477;0;8000000;40000
TI;TMS570LS2136;TMS570LS21xx internal;0C0000FF;0;1;1;4BA00477;0;8000000;40000
TI;TMS570LS2137;TMS570LS21xx internal;0C0000FF;0;1;1;4BA00477;0;8000000;40000
TI;TMS570LS3134;TMS570LS31xx internal;0C0000FF;0;1;1;4BA00477;0;8000000;40000
TI;TMS570LS3135;TMS570LS31xx internal;0C0000FF;0;1;1;4BA00477;0;8000000;40000
TI;TMS570LS3136;TMS570LS31xx internal;0C0000FF;0;1;1;4BA00477;0;8000000;40000
TI;TMS570LS3137;TMS570LS31xx internal;0C0000FF;0;1;1;4BA00477;0;8000000;40000
Toshiba;TMPM321F10FG;TMPM321F10FG internal;030000FF;0;0;0;2BA01477;0;20000000;10000
Toshiba;TMPM322F10FG;TMPM322F10FG internal;030000FF;0;0;0;2BA01477;0;20000000;10000
Toshiba;TMPM323F10FG;TMPM323F10FG internal;030000FF;0;0;0;2BA01477;0;20000000;10000
Toshiba;TMPM324F10FG;TMPM324F10FG internal;030000FF;0;0;0;2BA01477;0;20000000;10000
Toshiba;TMPM330FDFG;TMPM330FDFG internal;030000FF;0;0;0;3BA00477;0;20000000;8000
Toshiba;TMPM330FWFG;TMPM330FWFG internal;030000FF;0;0;0;3BA00477;0;20000000;2000
Toshiba;TMPM330FYFG;TMPM330FYFG internal;030000FF;0;0;0;3BA00477;0;20000000;4000
Toshiba;TMPM332FWUG;TMPM332FWUG internal;030000FF;0;0;0;1BA01477;0;20000000;2000
Toshiba;TMPM333FDFG;TMPM333FDFG internal;030000FF;0;0;0;3BA00477;0;20000000;8000
Toshiba;TMPM333FWFG;TMPM333FWFG internal;030000FF;0;0;0;3BA00477;0;20000000;2000
Toshiba;TMPM333FYFG;TMPM333FYFG internal;030000FF;0;0;0;3BA00477;0;20000000;4000
Toshiba;TMPM341FDXBG;TMPM341FDXBG internal;030000FF;0;0;2;4BA00477;0;20000000;8000
Toshiba;TMPM341FYXBG;TMPM341FYXBG internal;030000FF;0;0;2;4BA00477;0;20000000;8000
Toshiba;TMPM360F20FG;TMPM360F20FG internal;030000FF;0;0;0;2BA01477;0;20000000;20000
Toshiba;TMPM361F10FG;TMPM361F10FG internal;030000FF;0;0;0;2BA01477;0;20000000;10000
Toshiba;TMPM362F10FG;TMPM362F10FG internal;030000FF;0;0;0;2BA01477;0;20000000;10000
Toshiba;TMPM363F10FG;TMPM363F10FG internal;030000FF;0;0;0;2BA01477;0;20000000;10000
Toshiba;TMPM364F10FG;TMPM364F10FG internal;030000FF;0;0;0;2BA01477;0;20000000;10000
Toshiba;TMPM366FDFG;TMPM366FDFG internal;030000FF;0;0;0;4BA00477;0;20000000;10000
Toshiba;TMPM366FDXBG;TMPM366FDXBG internal;030000FF;0;0;0;4BA00477;0;20000000;10000
Toshiba;TMPM366FWFG;TMPM366FWFG internal;030000FF;0;0;0;4BA00477;0;20000000;8000
Toshiba;TMPM366FWXBG;TMPM366FWXBG internal;030000FF;0;0;0;4BA00477;0;20000000;8000
Toshiba;TMPM366FYFG;TMPM366FYFG internal;030000FF;0;0;0;4BA00477;0;20000000;C000
Toshiba;TMPM366FYXBG;TMPM366FYXBG internal;030000FF;0;0;0;4BA00477;0;20000000;C000
Toshiba;TMPM369FDFG;TMPM369FDFG internal;030000FF;0;0;0;4BA00477;0;20000000;20000
Toshiba;TMPM369FYFG;TMPM369FYFG internal;030000FF;0;0;0;4BA00477;0;20008000;10000
Toshiba;TMPM370FYDFG;TMPM370FYDFG internal;030000FF;0;0;0;4BA00477;0;20000000;2800
Toshiba;TMPM370FYFG;TMPM370FYFG internal;030000FF;0;0;0;4BA00477;0;20000000;2800
Toshiba;TMPM372FWUG;TMPM372FWUG internal;030000FF;0;0;0;4BA00477;0;20000000;1800
Toshiba;TMPM373FWDUG;TMPM373FWDUG internal;030000FF;0;0;0;4BA00477;0;20000000;1800
Toshiba;TMPM374FWUG;TMPM374FWUG internal;030000FF;0;0;0;4BA00477;0;20000000;1800
Toshiba;TMPM380FWDFG;TMPM380FWDFG internal;030000FF;0;0;0;4BA00477;0;20000000;3000
Toshiba;TMPM380FWFG;TMPM380FWFG internal;030000FF;0;0;0;4BA00477;0;20000000;3000
Toshiba;TMPM380FYDFG;TMPM380FYDFG internal;030000FF;0;0;0;4BA00477;0;20000000;4000
Toshiba;TMPM380FYFG;TMPM380FYFG internal;030000FF;0;0;0;4BA00477;0;20000000;4000
Toshiba;TMPM382FSFG;TMPM382FSFG internal;030000FF;0;0;0;4BA00477;0;20000000;2000
Toshiba;TMPM382FWFG;TMPM382FWFG internal;030000FF;0;0;0;4BA00477;0;20000000;3000
Toshiba;TMPM390FWFG;TMPM390FWFG internal;030000FF;0;0;0;4BA00477;0;20000000;2000
Toshiba;TMPM395FWXBG;TMPM395FWXBG internal;030000FF;0;0;0;4BA00477;0;20000000;1800